Plant_Species,Dehiscent_Indehiscent
Citrus sinensis,I
Eriobotrya japonica,I
Ficus benjamina,I
Ficus clusiifolia,I
Hieronyma oblonga,I
Holocalyx balansae,I
Hovenia dulcis,I
Mangifera indica,I
Morus nigra,I
Musa velutina,I
Parinari excelsa,I
Syzygium cumini,I
Abuta grandifolia,I
Abuta selloana ,I
Acca sellowiana,I
Aechmea rubiginosa,I
Alibertia edulis,I
Alibertia hadrantha,I
Allophylus mollis,I
Amaioua guianensis,I
Ambelania acida,I
Anacardium giganteum,I
Anacardium spruceanum,I
Ananas ananassoides,I
Annona cornifolia,I
Annona dioica,I
Annona haematantha,I
Anomospermum reticulatum,I
Anthurium crassinervium,I
Anthurium harrisii,I
Astrocaryum aculeatum,I
Astrocaryum jauari,I
Astrocaryum murumuru,I
Bagassa guianensis,I
Batocarpus orinocensis,I
Bellucia grossularioides,I
Bellucia pentamera,I
Bocageopsis multiflora,I
Bromelia balansae,I
Bromelia plumieri,I
Brosimum alicastrum,I
Brosimum guianensis,I
Brosimum lactescens,I
Brosimum parinarioides,I
Brosimum rubescens,I
Buchenavia amazonia,I
Buchenavia grandis,I
Buchenavia parvifolia,I
Buchenavia tomentosa,I
Byrsonima arthropoda,I
Byrsonima cowanii,I
Byrsonima crispa,I
Byrsonima gardneriana,I
Byrsonima orbignyana,I
Byrsonima schomburgkiana,I
Byrsonima stipulacea,I
Calyptranthes multiflora,I
Campomanesia guaviroba,I
Campomanesia neriiflora,I
Campomanesia speciosa,I
Caryocar glabrum,I
Castilla ulei,I
Cayaponia granatensis,I
Cecropia angustifolia,I
Cecropia cinerea,I
Cecropia engleriana,I
Cecropia glaziovi,I
Cecropia hololeuca,I
Cecropia membranacea,I
Cecropia mutisiana,I
Cecropia obtusa,I
Cecropia obtusifolia,I
Cecropia pachystachya,I
Cecropia purpurascens,I
Cecropia sciadophylla,I
Cecropia telealba,I
Cecropia telenitida,I
Celtis schippii,I
Cestrum racemosum,I
Chrysophyllum amazonicum,I
Chrysophyllum lucentifolium,I
Chrysophyllum manaosense,I
Chrysophyllum parvulum,I
Chrysophyllum pomiferum,I
Chrysophyllum prieurii,I
Chrysophyllum viride,I
Cissus microcarpa,I
Cissus sicyoides ,I
Cissus trianae,I
Clarisia racemosa,I
Clidemia bullosa,I
Clidemia hirta,I
Clidemia urceolata,I
Coccoloba coronata,I
Coccoloba densifrons,I
Coccoloba excelsa,I
Coccoloba mollis,I
Coccoloba parimensis,I
Comolia veronicaefolia,I
Cordia bicolor,I
Cordia lomatoloba,I
Cordia nodosa,I
Cordiera sessilis,I
Couma macrocarpa,I
Couma utilis,I
Coussapoa latifolia,I
Coussapoa orthoneura,I
Coussapoa ovalifolia,I
Coussapoa villosa,I
Cryptocarya aschersoniana,I
Cryptocarya mandioccana,I
Cryptocarya moschata,I
Curarea toxicofera,I
Dendrobangia boliviana,I
Dendropanax caucanus,I
Dendropanax macrophyllus,I
Diospyros hispida,I
Dipteryx micrantha,I
Dipteryx panamensis,I
Drypetes variabilis,I
Duroia eriopila,I
Ecclinusa guianensis,I
Ecclinusa lanceolata,I
Ecclinusa ramiflora,I
Elephantomene eburnea,I
Emmotum acuminatum,I
Emmotum nitens,I
Endlicheria paniculata,I
Endlicheria sericea,I
Eugenia cerasiflora,I
Eugenia cribata,I
Eugenia florida,I
Eugenia nesiotica,I
Eugenia punicifolia,I
Ficus amazonica,I
Ficus americana,I
Ficus andicola,I
Ficus broadwayi,I
Ficus calyptroceras,I
Ficus enormis,I
Ficus gomelleira,I
Ficus guianensis,I
Ficus insipida,I
Ficus krukovii,I
Ficus lehmannii,I
Ficus matiziana,I
Ficus membranacea,I
Ficus mutisii,I
Ficus nymphaeifolia,I
Ficus obtusifolia,I
Ficus pertusa,I
Ficus sphenophylla,I
Ficus trigona,I
Ficus usiacurina,I
Garcinia macrophylla,I
Garcinia madruno,I
Genipa americana,I
Gleasonia uaupensis,I
Gomidesia affinis,I
Goupia glabra,I
Guapira cuspidata,I
Guapira graciliflora,I
Guapira guianensis,I
Guatteria decurrens,I
Guatteria ferruginea,I
Guatteria ferruginea,I
Guatteria foliosa,I
Guatteria insculpta,I
Guatteria olivacea,I
Guatteria punctata,I
Guettarda acreana,I
Guettarda hirsuta,I
Guettarda viburnoides,I
Hancornia speciosa,I
Hebepetalum humiriifolium,I
Hedyosmum cuatrecazanum,I
Heisteria duckei,I
Heisteria nitida,I
Heisteria silvianii,I
Helicostylis pedunculata,I
Helicostylis scabra,I
Helicostylis tomentosa,I
Henriettella fissanthera,I
Heteropsis jenmanii,I
Heteropsis oblongifolia,I
Hieronyma alchorneoides,I
Hyeronima alchorneoides,I
Hyeronima huilense,I
Hymenaea altissima,I
Hymenaea courbaril,I
Hymenaea oblongifolia,I
Hymenaea stigonocarpa,I
Inga acreana,I
Inga acrocephala ,I
Inga alba,I
Inga bonplandiana,I
Inga cylindrica,I
Inga edulis,I
Inga gracilifolia,I
Inga huberi,I
Inga ingoides,I
Inga leiocalycina,I
Inga macrophylla ,I
Inga marginata,I
Inga pezizifera,I
Inga rubiginosa,I
Inga semialata,I
Inga stenoptera,I
Inga tenuistipula,I
Inga thibaudiana,I
Jacaratia digitata,I
Lacmellea acida,I
Lacmellea aculeata,I
Lacmellea ramosissima,I
Laetia corymbulosa,I
Laetia procera,I
Lantana camara,I
Leonia glycycarpa,I
Licania membranacea,I
Lithraea molleoides,I
Maclura tinctoria,I
Manilkara bidentata,I
Manilkara huberi,I
Maquira calophylla,I
Maripa janusiana,I
Maripa peruviana,I
Matisia obliquifolia,I
Mauritia flexuosa,I
Mauritiella aculeata,I
Maximiliana maripa,I
Miconia acuminifera,I
Miconia albicans,I
Miconia cuspidata,I
Miconia flammea,I
Miconia holosericea,I
Miconia poeppigii,I
Miconia ternatifolia,I
Miconia trianaei,I
Micropholis caudata,I
Micropholis cayennensis,I
Micropholis guyanensis ,I
Micropholis mensalis,I
Micropholis obscura,I
Micropholis venulosa,I
Minquartia guianensis,I
Monstera adansonii,I
Morus insignis,I
Mouriri collocarpa,I
Mouriri crassifolia,I
Mouriri elliptica,I
Moutabea aculeata,I
Moutabea guianensis,I
Myrcia guajavaefolia,I
Naucleopsis ulei,I
Nectandra cuspidata,I
Neea laxa,I
Neea robusta,I
Nepsera aquatica,I
Ocotea cernua,I
Ocotea oblonga,I
Ocotea percurrens,I
Ocotea tomentosa,I
Odontocarya emarginata,I
Odontocarya petiolaris,I
Odontocarya tripetala,I
Opuntia cardiosperma,I
Pacouria guianensis,I
Parahancornia fasciculata,I
Parinari obtusifolia,I
Passiflora edulis,I
Passiflora involucrata,I
Pera arborea,I
Perebea mollis,I
Perebea xanthochyma,I
Pereskia aculeata,I
Philodendron appendiculatum,I
Philodendron corcovadense,I
Philodendron crassinervium,I
Philodendron eximium,I
Philodendron obliquifolium,I
Phoradendron piperoides,I
Phyllanthus attenuatus,I
Phytelephas aequatorialis,I
Piper aduncum ,I
Piper glandulosissimum,I
Pleurisanthes emarginata,I
Posoqueria latifolia,I
Pourouma bicolor,I
Pourouma guianensis,I
Pourouma melinoni,I
Pourouma minor,I
Pourouma mollis,I
Pourouma petiolulata,I
Pourouma tomentosa,I
Pourouma villosa,I
Pouteria ambelaniifolia,I
Pouteria aubrevillei,I
Pouteria bapeba,I
Pouteria bilocularis,I
Pouteria caimito ,I
Pouteria campanulata,I
Pouteria cuspidata,I
Pouteria durlandii,I
Pouteria egregia,I
Pouteria engleri,I
Pouteria filipes,I
Pouteria guianensis,I
Pouteria hispida,I
Pouteria laevigata,I
Pouteria oblanceolata,I
Pouteria procera,I
Pouteria reticulata,I
Pouteria torta,I
Pouteria vernicosa,I
Pradosia surinamensis,I
Prockia crucis,I
Prunus brasiliensis,I
Prunus debilis,I
Prunus myrtifolia ,I
Prunus sellowii,I
Pseudolmedia hirsuta,I
Pseudolmedia laevigata,I
Pseudolmedia laevis ,I
Pseudolmedia obliqua,I
Pseudolmedia rigida,I
Pseudomalmea diclina,I
Psidium guajava,I
Psidium guineensis,I
Psychotria capitata,I
Psychotria carthagenesis,I
Psychotria hoffmannseggiana,I
Psychotria kappleri,I
Psychotria mapourioides,I
Psychotria poeppigiana,I
Psychotria suterella,I
Quiina obovata,I
Randia hondensis ,I
Rauvolfia paraensis,I
Rauvolfia sellowii,I
Rheedia macrophylla,I
Rhodostemonodaphne synandra,I
Rollinia dolichopetala,I
Rollinia edulis,I
Rollinia mucosa ,I
Rollinia sericea,I
Roucheria columbiana,I
Roucheria schomburgkii,I
Ruizodendron ovale ,I
Sacoglottis cydonioides,I
Sarcaulus brasiliensis ,I
Saurauia brachybotrys,I
Schefflera paraensis,I
Schinus terebinthifolius,I
Schlegelia ramizii,I
Simarouba amara,I
Socratea exorrhiza,I
Solanum barbeyanum,I
Solanum buddleiaefolium,I
Sorocea pubivena,I
Sorocea steinbachii,I
Spondias mombin,I
Spondias venulosa ,I
Strychnos amazonica,I
Strychnos erichsonii,I
Styrax ferrugineus,I
Syagrus oleracea,I
Syagrus romanzoffiana,I
Syagrus sancona,I
Symphonia globulifera,I
Talisia intermedia ,I
Talisia obovata,I
Talisia retusa,I
Tapirira guianensis,I
Tapirira obtusa,I
Tapirira peckoltiana,I
Telitoxicum krukovii,I
Telitoxicum minutiflorum,I
Theobroma obovatum,I
Theobroma subincanum,I
Tococa bullifera,I
Tontelea attenuata,I
Tontelea mauritioides,I
Touroulia amazonica,I
Trichostigma octandra,I
Trymatococcus oligandrus,I
Unonopsis lindmanii,I
Vassobia breviflora,I
Vismia brasiliensis,I
Vismia macrophylla,I
Vismia mandur,I
Vitex capitata,I
Vitex cymosa,I
Vitex megapotamica,I
Ziziphus cinnamomum,I
Ziziphus joazeiro,I
Clarisia iricifolia,I
Crepis tectorum,I
Cyperus diffusus,I
Fimbristylis dichotoma,I
Acrocomia aculeata,I
Allagoptera leucocalyx,I
Araucaria angustifolia,I
Attalea phalerata,I
Barcella odora,I
Clitoria javitensis,I
Copernicia alba,I
Cyperus distans,I
Dialium gianense,I
Dicranostyles ampla,I
Dicranostyles holostyla,I
Dimorphandra mollis,I
Dioclea virgata,I
Enterolobium contortisiliquum,I
Enterolobium cyclocarpum,I
Enterolobium schomburgkii,I
Euterpe edulis,I
Homolepis aturensis,I
Iriartea deltoidea,I
Jessenia bataua,I
Ludovia lancifolia,I
Oenocarpus bacaba,I
Oenocarpus mapora,I
Oxandra mediocris ,I
Panicum laxum,I
Parkia multijuga,I
Parkia pendula,I
Paspalum conjugatum,I
Rhynchospora pubera,I
Scleria melaleuca,I
Steirachne diandra,I
Strychnos schultesiana,I
Stryphnodendron guianense,I
Stryphnodendron polystachyum,I
Xylopia polyantha,I
Casearia macrocarpa,D
Aciotis aequatorialis,D
Casearia lasiophylla,D
Cheiloclinium hippocrateoides,D
Cipocereus minensis,D
Clusia palmicida,D
Clusia parviflora,D
Crepidospermum prancei,D
Crepidospermum rhoifolium,D
Doliocarpus multiflorus,D
Harrisia bonplandii,D
Iryanthera crassifolia,D
Iryanthera sagotiana,D
Marcgravia polyantha,D
Maytenus macrocarpa,D
Norantea guianensis,D
Osteophloeum platyspermum,D
Paullinia capreolata,D
Paullinia faginea,D
Paullinia obovata,D
Peritassa laevigata,D
Pithecellobium dulce,D
Protium amazonicum,D
Protium apiculatum,D
Protium crenatum,D
Protium ferrugineum,D
Protium glabrescens,D
Protium heptaphyllum,D
Protium llanorum,D
Protium neglectum,D
Protium opacum,D
Protium rhoifolium,D
Protium robustum,D
Protium sagotianum ,D
Salacia cordata,D
Salacia elliptica,D
Souroubea bicolor,D
Souroubea guianensis,D
Souroubea sympetala ,D
Spermacoce ocymifolia,D
Swartzia leptopetala,D
Tetragastris panamensis,D
Trattinnickia aspera,D
Virola bicuhyba,D
Virola calophylla ,D
Virola duckei,D
Virola elongata,D
Virola flexuosa,D
Virola kwatae,D
Virola michelii,D
Virola oleifera,D
Virola pavonis,D
Virola peruviana ,D
Virola sebifera,D
Borreria latifolia,D
Turnera ulmifolia,D
Acalypha alopecuroidea,D
Apeiba aspera,D
Bursera inversa,D
Cassia moschata,D
Chorisia speciosa,D
Copaifera langsdorfii,D
Guarea glabra,D
Guazuma mutamba,D
Guazuma ulmifolia,D
Gustavia hexapetala,D
Lecythis pisonis,D
Lepidagathis alopecuroidea,D
Matayba elaeagnoides,D
Mendoncia glomerata,D
Mendoncia hoffmannseggiana,D
Mendoncia odorata,D
Mendoncia pedunculata,D
Sapium stylare,D
Senna macranthera,D
Sloanea guianensis,D
Strychnos panurensis,D
Trichilia micrantha ,D
Trichilia pleeana,D
Trichilia tuberculata,D
Virola surinamensis,D
Xyris jupicai,D