Plant_Species,Native_Introduced
Abuta grandifolia,N
Abuta selloana ,N
Acalypha alopecuroidea,N
Acca sellowiana,N
Aciotis aequatorialis,N
Acrocomia aculeata,N
Aechmea rubiginosa,N
Alibertia edulis,N
Alibertia hadrantha,N
Allagoptera leucocalyx,N
Allophylus mollis,N
Amaioua guianensis,N
Ambelania acida,N
Anacardium giganteum,N
Anacardium spruceanum,N
Ananas ananassoides,N
Annona cornifolia,N
Annona dioica,N
Annona haematantha,N
Anomospermum reticulatum,N
Anthurium crassinervium,N
Anthurium harrisii,N
Apeiba aspera,N
Araucaria angustifolia,N
Astrocaryum aculeatum,N
Astrocaryum jauari,N
Astrocaryum murumuru,N
Attalea phalerata,N
Bagassa guianensis,N
Barcella odora,N
Batocarpus orinocensis,N
Bellucia grossularioides,N
Bellucia pentamera,N
Bocageopsis multiflora,N
Borreria latifolia,I
Bromelia balansae,N
Bromelia plumieri,N
Brosimum alicastrum,N
Brosimum guianensis,N
Brosimum lactescens,N
Brosimum parinarioides,N
Brosimum rubescens,N
Buchenavia amazonia,N
Buchenavia grandis,N
Buchenavia parvifolia,N
Buchenavia tomentosa,N
Bursera inversa,N
Byrsonima arthropoda,N
Byrsonima cowanii,N
Byrsonima crispa,N
Byrsonima gardneriana,N
Byrsonima orbignyana,N
Byrsonima schomburgkiana,N
Byrsonima stipulacea,N
Calyptranthes multiflora,N
Campomanesia guaviroba,N
Campomanesia neriiflora,N
Campomanesia speciosa,N
Caryocar glabrum,N
Casearia lasiophylla,N
Casearia macrocarpa,I
Cassia moschata,N
Castilla ulei,N
Cayaponia granatensis,N
Cecropia angustifolia,N
Cecropia cinerea,N
Cecropia engleriana,N
Cecropia glaziovi,N
Cecropia hololeuca,N
Cecropia membranacea,N
Cecropia mutisiana,N
Cecropia obtusa,N
Cecropia obtusifolia,N
Cecropia pachystachya,N
Cecropia purpurascens,N
Cecropia sciadophylla,N
Cecropia telealba,N
Cecropia telenitida,N
Celtis schippii,N
Cestrum racemosum,N
Cheiloclinium hippocrateoides,N
Chorisia speciosa,N
Chrysophyllum amazonicum,N
Chrysophyllum lucentifolium,N
Chrysophyllum manaosense,N
Chrysophyllum parvulum,N
Chrysophyllum pomiferum,N
Chrysophyllum prieurii,N
Chrysophyllum viride,N
Cipocereus minensis,N
Cissus microcarpa,N
Cissus sicyoides ,N
Cissus trianae,N
Citrus sinensis,I
Clarisia racemosa,N
Clidemia bullosa,N
Clidemia hirta,N
Clidemia urceolata,N
Clitoria javitensis,N
Clusia palmicida,N
Clusia parviflora,N
Coccoloba coronata,N
Coccoloba densifrons,N
Coccoloba excelsa,N
Coccoloba mollis,N
Coccoloba parimensis,N
Comolia veronicaefolia,N
Copaifera langsdorfii,N
Copernicia alba,N
Cordia bicolor,N
Cordia lomatoloba,N
Cordia nodosa,N
Cordiera sessilis,N
Couma macrocarpa,N
Couma utilis,N
Coussapoa latifolia,N
Coussapoa orthoneura,N
Coussapoa ovalifolia,N
Coussapoa villosa,N
Crepidospermum prancei,N
Crepidospermum rhoifolium,N
Crepis tectorum,I
Cryptocarya aschersoniana,N
Cryptocarya mandioccana,N
Cryptocarya moschata,N
Curarea toxicofera,N
Cyperus diffusus,I
Cyperus distans,N
Dendrobangia boliviana,N
Dendropanax caucanus,N
Dendropanax macrophyllus,N
Dialium gianense,N
Dicranostyles ampla,N
Dicranostyles holostyla,N
Dimorphandra mollis,N
Dioclea virgata,N
Diospyros hispida,N
Dipteryx micrantha,N
Dipteryx panamensis,N
Doliocarpus multiflorus,N
Drypetes variabilis,N
Duroia eriopila,N
Ecclinusa guianensis,N
Ecclinusa lanceolata,N
Ecclinusa ramiflora,N
Elephantomene eburnea,N
Emmotum acuminatum,N
Emmotum nitens,N
Endlicheria paniculata,N
Endlicheria sericea,N
Enterolobium contortisiliquum,N
Enterolobium cyclocarpum,N
Enterolobium schomburgkii,N
Eriobotrya japonica,I
Eugenia cerasiflora,N
Eugenia cribata,N
Eugenia florida,N
Eugenia nesiotica,N
Eugenia punicifolia,N
Euterpe edulis,N
Ficus amazonica,N
Ficus americana,N
Ficus andicola,N
Ficus benjamina,I
Ficus broadwayi,N
Ficus calyptroceras,N
Ficus clusiifolia,I
Ficus enormis,N
Ficus gomelleira,N
Ficus guianensis,N
Ficus insipida,N
Ficus krukovii,N
Ficus lehmannii,N
Ficus matiziana,N
Ficus membranacea,N
Ficus mutisii,N
Ficus nymphaeifolia,N
Ficus obtusifolia,N
Ficus pertusa,N
Ficus sphenophylla,N
Ficus trigona,N
Ficus usiacurina,N
Fimbristylis dichotoma,I
Garcinia macrophylla,N
Garcinia madruno,N
Genipa americana,N
Gleasonia uaupensis,N
Gomidesia affinis,N
Goupia glabra,N
Guapira cuspidata,N
Guapira graciliflora,N
Guapira guianensis,N
Guarea glabra,N
Guatteria decurrens,N
Guatteria ferruginea,N
Guatteria foliosa,N
Guatteria insculpta,N
Guatteria olivacea,N
Guatteria punctata,N
Guazuma mutamba,N
Guazuma ulmifolia,N
Guettarda acreana,N
Guettarda hirsuta,N
Guettarda viburnoides,N
Gustavia hexapetala,N
Hancornia speciosa,N
Harrisia bonplandii,N
Hebepetalum humiriifolium,N
Hedyosmum cuatrecazanum,N
Heisteria duckei,N
Heisteria nitida,N
Heisteria silvianii,N
Helicostylis pedunculata,N
Helicostylis scabra,N
Helicostylis tomentosa,N
Henriettella fissanthera,N
Heteropsis jenmanii,N
Heteropsis oblongifolia,N
Hieronyma oblonga,I
Holocalyx balansae,I
Homolepis aturensis,N
Hovenia dulcis,I
Hyeronima alchorneoides,N
Hyeronima huilense,N
Hymenaea altissima,N
Hymenaea courbaril,N
Hymenaea oblongifolia,N
Hymenaea stigonocarpa,N
Inga acreana,N
Inga acrocephala ,N
Inga alba,N
Inga bonplandiana,N
Inga cylindrica,N
Inga edulis,N
Inga gracilifolia,N
Inga huberi,N
Inga ingoides,N
Inga leiocalycina,N
Inga macrophylla ,N
Inga marginata,N
Inga pezizifera,N
Inga rubiginosa,N
Inga semialata,N
Inga stenoptera,N
Inga tenuistipula,N
Inga thibaudiana,N
Iriartea deltoidea,N
Iryanthera crassifolia,N
Iryanthera sagotiana,N
Jacaratia digitata,N
Jessenia bataua,N
Lacmellea acida,N
Lacmellea aculeata,N
Lacmellea ramosissima,N
Laetia corymbulosa,N
Laetia procera,N
Lantana camara,N
Lecythis pisonis,N
Leonia glycycarpa,N
Lepidagathis alopecuroidea,N
Licania membranacea,N
Lithraea molleoides,N
Ludovia lancifolia,N
Maclura tinctoria,N
Mangifera indica,I
Manilkara bidentata,N
Manilkara huberi,N
Maquira calophylla,N
Marcgravia polyantha,N
Maripa janusiana,N
Maripa peruviana,N
Matayba elaeagnoides,N
Matisia obliquifolia,N
Mauritia flexuosa,N
Mauritiella aculeata,N
Maximiliana maripa,N
Maytenus macrocarpa,N
Mendoncia glomerata,N
Mendoncia hoffmannseggiana,N
Mendoncia odorata,N
Mendoncia pedunculata,N
Miconia acuminifera,N
Miconia albicans,N
Miconia cuspidata,N
Miconia flammea,N
Miconia holosericea,N
Miconia poeppigii,N
Miconia ternatifolia,N
Miconia trianaei,N
Micropholis caudata,N
Micropholis cayennensis,N
Micropholis guyanensis ,N
Micropholis mensalis,N
Micropholis obscura,N
Micropholis venulosa,N
Minquartia guianensis,N
Monstera adansonii,N
Morus insignis,N
Morus nigra,I
Mouriri collocarpa,N
Mouriri crassifolia,N
Mouriri elliptica,N
Moutabea aculeata,N
Moutabea guianensis,N
Musa velutina,I
Myrcia guajavaefolia,N
Naucleopsis ulei,N
Nectandra cuspidata,N
Neea laxa,N
Neea robusta,N
Nepsera aquatica,N
Norantea guianensis,N
Ocotea cernua,N
Ocotea oblonga,N
Ocotea percurrens,N
Ocotea tomentosa,N
Odontocarya emarginata,N
Odontocarya petiolaris,N
Odontocarya tripetala,N
Oenocarpus bacaba,N
Oenocarpus mapora,N
Opuntia cardiosperma,N
Osteophloeum platyspermum,N
Oxandra mediocris ,N
Pacouria guianensis,N
Panicum laxum,N
Parahancornia fasciculata,N
Parinari excelsa,I
Parinari obtusifolia,N
Parkia multijuga,N
Parkia pendula,N
Paspalum conjugatum,N
Passiflora edulis,N
Passiflora involucrata,N
Paullinia capreolata,N
Paullinia faginea,N
Paullinia obovata,N
Pera arborea,N
Perebea mollis,N
Perebea xanthochyma,N
Pereskia aculeata,N
Peritassa laevigata,N
Philodendron appendiculatum,N
Philodendron corcovadense,N
Philodendron crassinervium,N
Philodendron eximium,N
Philodendron obliquifolium,N
Phoradendron piperoides,N
Phyllanthus attenuatus,N
Phytelephas aequatorialis,N
Piper aduncum ,N
Piper glandulosissimum,N
Pithecellobium dulce,N
Pleurisanthes emarginata,N
Posoqueria latifolia,N
Pourouma bicolor,N
Pourouma guianensis,N
Pourouma melinoni,N
Pourouma minor,N
Pourouma mollis,N
Pourouma petiolulata,N
Pourouma tomentosa,N
Pourouma villosa,N
Pouteria ambelaniifolia,N
Pouteria aubrevillei,N
Pouteria bapeba,N
Pouteria bilocularis,N
Pouteria caimito ,N
Pouteria campanulata,N
Pouteria cuspidata,N
Pouteria durlandii,N
Pouteria egregia,N
Pouteria engleri,N
Pouteria filipes,N
Pouteria guianensis,N
Pouteria hispida,N
Pouteria laevigata,N
Pouteria oblanceolata,N
Pouteria procera,N
Pouteria reticulata,N
Pouteria torta,N
Pouteria vernicosa,N
Pradosia surinamensis,N
Prockia crucis,N
Protium amazonicum,N
Protium apiculatum,N
Protium crenatum,N
Protium ferrugineum,N
Protium glabrescens,N
Protium heptaphyllum,N
Protium llanorum,N
Protium neglectum,N
Protium opacum,N
Protium rhoifolium,N
Protium robustum,N
Protium sagotianum ,N
Prunus brasiliensis,N
Prunus debilis,N
Prunus myrtifolia ,N
Prunus sellowii,N
Pseudolmedia hirsuta,N
Pseudolmedia laevigata,N
Pseudolmedia laevis ,N
Pseudolmedia obliqua,N
Pseudolmedia rigida,N
Pseudomalmea diclina,N
Psidium guajava,N
Psidium guineensis,N
Psychotria capitata,N
Psychotria carthagenesis,N
Psychotria hoffmannseggiana,N
Psychotria kappleri,N
Psychotria mapourioides,N
Psychotria poeppigiana,N
Psychotria suterella,N
Quiina obovata,N
Randia hondensis ,N
Rauvolfia paraensis,N
Rauvolfia sellowii,N
Rheedia macrophylla,N
Rhodostemonodaphne synandra,N
Rhynchospora pubera,N
Rollinia dolichopetala,N
Rollinia edulis,N
Rollinia mucosa ,N
Rollinia sericea,N
Roucheria columbiana,N
Roucheria schomburgkii,N
Ruizodendron ovale ,N
Sacoglottis cydonioides,N
Salacia cordata,N
Salacia elliptica,N
Sapium stylare,N
Sarcaulus brasiliensis ,N
Saurauia brachybotrys,N
Schefflera paraensis,N
Schinus terebinthifolius,N
Schlegelia ramizii,N
Scleria melaleuca,N
Senna macranthera,N
Simarouba amara,N
Sloanea guianensis,N
Socratea exorrhiza,N
Solanum barbeyanum,N
Solanum buddleiaefolium,N
Sorocea pubivena,N
Sorocea steinbachii,N
Souroubea bicolor,N
Souroubea guianensis,N
Souroubea sympetala ,N
Spermacoce ocymifolia,N
Spondias mombin,N
Spondias venulosa ,N
Steirachne diandra,N
Strychnos amazonica,N
Strychnos erichsonii,N
Strychnos panurensis,N
Strychnos schultesiana,N
Stryphnodendron guianense,N
Stryphnodendron polystachyum,N
Styrax ferrugineus,N
Swartzia leptopetala,N
Syagrus oleracea,N
Syagrus romanzoffiana,N
Syagrus sancona,N
Symphonia globulifera,N
Syzygium cumini,I
Talisia intermedia ,N
Talisia obovata,N
Talisia retusa,N
Tapirira guianensis,N
Tapirira obtusa,N
Tapirira peckoltiana,N
Telitoxicum krukovii,N
Telitoxicum minutiflorum,N
Tetragastris panamensis,N
Theobroma obovatum,N
Theobroma subincanum,N
Tococa bullifera,N
Tontelea attenuata,N
Tontelea mauritioides,N
Touroulia amazonica,N
Trattinnickia aspera,N
Trichilia micrantha ,N
Trichilia pleeana,N
Trichilia tuberculata,N
Trichostigma octandra,N
Trymatococcus oligandrus,N
Turnera ulmifolia,I
Unonopsis lindmanii,N
Vassobia breviflora,N
Virola bicuhyba,N
Virola calophylla ,N
Virola duckei,N
Virola elongata,N
Virola flexuosa,N
Virola kwatae,N
Virola michelii,N
Virola oleifera,N
Virola pavonis,N
Virola peruviana ,N
Virola sebifera,N
Virola surinamensis,N
Vismia brasiliensis,N
Vismia macrophylla,N
Vismia mandur,N
Vitex capitata,N
Vitex cymosa,N
Vitex megapotamica,N
Xylopia polyantha,N
Xyris jupicai,N
Ziziphus cinnamomum,N
Ziziphus joazeiro,N