Plant Species,value
Abuta grandifolia,13.09636364
Abuta selloana ,17
Acalypha alopecuroidea,1.05
Acca sellowiana,31.4638009
Aciotis aequatorialis,2.65
Acrocomia aculeata,30.06395349
Aechmea rubiginosa,20.25
Alibertia edulis,30
Allagoptera leucocalyx,31.7
Allophylus mollis,8.535869565
Amaioua guianensis,10
Ambelania acida,32.5
Anacardium giganteum,50
Anacardium spruceanum,36
Ananas ananassoides,68.68
Annona dioica,75.1
Anomospermum reticulatum,11.15
Anthurium crassinervium,3.8
Apeiba aspera,42.33333333
Araucaria angustifolia,150
Astrocaryum aculeatum,45
Astrocaryum jauari,27.74875622
Astrocaryum murumuru,41
Attalea phalerata,31.68283582
Bagassa guianensis,19.16666667
Barcella odora,25
Batocarpus orinocensis,45.85
Bellucia grossularioides,14.16666667
Bellucia pentamera,17.69583333
Bocageopsis multiflora,5.5
Borreria latifolia,2.875
Bromelia balansae,20
Bromelia plumieri,16.46875
Brosimum alicastrum,21.16666667
Brosimum guianensis,15.6125
Brosimum lactescens,15
Brosimum parinarioides,23.1
Brosimum rubescens,13.67142857
Buchenavia amazonia,9.5
Buchenavia grandis,18
Buchenavia parvifolia,10.75
Buchenavia tomentosa,17.18
Bursera inversa,14.5
Byrsonima arthropoda,10.31666667
Byrsonima crispa,11
Byrsonima gardneriana,7.3
Byrsonima orbignyana,12.1
Byrsonima stipulacea,10.98
Calyptranthes multiflora,6.266666667
Campomanesia guaviroba,17
Campomanesia neriiflora,31
Campomanesia speciosa,30.91666667
Caryocar glabrum,55
Casearia macrocarpa,15.16
Cassia moschata,15.41666667
Castilla ulei,35.76666667
Cayaponia granatensis,22.08333333
Cecropia angustifolia,9.225
Cecropia cinerea,11.30980392
Cecropia engleriana,10.41666667
Cecropia hololeuca,7.45
Cecropia membranacea,4.966666667
Cecropia mutisiana,2.618918919
Cecropia obtusa,0.8
Cecropia obtusifolia,5.7
Cecropia pachystachya,11.30980392
Cecropia purpurascens,5.933333333
Cecropia sciadophylla,15
Cecropia telealba,23.8
Cecropia telenitida,14.16
Celtis schippii,8.75
Cestrum racemosum,4.833333333
Cheiloclinium hippocrateoides,21.43333333
Chorisia speciosa,78.2
Chrysophyllum amazonicum,20.1
Chrysophyllum lucentifolium,57
Chrysophyllum manaosense,30
Chrysophyllum parvulum,10.5
Chrysophyllum pomiferum,27.5
Chrysophyllum prieurii,45
Chrysophyllum viride,20
Cipocereus minensis,32.3
Cissus microcarpa,7
Cissus sicyoides ,3.936842105
Cissus trianae,4.405660377
Citrus sinensis,68.05
Clarisia racemosa,16.58333333
Clidemia bullosa,3.828888889
Clidemia hirta,3
Clidemia urceolata,2.1
Clitoria javitensis,23.3
Clusia palmicida,36.9
Clusia parviflora,5
Coccoloba coronata,7.0375
Coccoloba densifrons,13
Coccoloba excelsa,6.416666667
Coccoloba mollis,12
Coccoloba parimensis,6.416666667
Copaifera langsdorfii,14.91428571
Copernicia alba,16.4
Cordia bicolor,8.6
Cordia lomatoloba,7.218133333
Cordia nodosa,15.91428571
Cordiera sessilis,20.1
Couma macrocarpa,63.33333333
Couma utilis,18.19
Coussapoa latifolia,8.216666667
Coussapoa orthoneura,10
Coussapoa villosa,24.2
Crepidospermum rhoifolium,14.2
Cryptocarya aschersoniana,25
Cryptocarya mandioccana,19
Cryptocarya moschata,20
Curarea toxicofera,12
Cyperus diffusus,0.59
Dendrobangia boliviana,10
Dendropanax caucanus,10
Dendropanax macrophyllus,9.757142857
Dialium gianense,11.044
Dicranostyles ampla,14.33333333
Dicranostyles holostyla,14.5
Dimorphandra mollis,31.75
Dioclea virgata,20
Diospyros hispida,42.3
Dipteryx micrantha,29.39215685
Dipteryx panamensis,25
Doliocarpus multiflorus,11
Drypetes variabilis,11
Ecclinusa guianensis,22.5
Ecclinusa lanceolata,28
Ecclinusa ramiflora,57.7
Elephantomene eburnea,31.2
Emmotum nitens,11
Endlicheria paniculata,10
Enterolobium contortisiliquum,39.1
Enterolobium cyclocarpum,91.8
Enterolobium schomburgkii,26.66666667
Eriobotrya japonica,34.69926471
Eugenia cribata,37.4
Eugenia florida,3.9
Eugenia nesiotica,24.5
Eugenia punicifolia,6.7
Euterpe edulis,13.85185185
Ficus amazonica,7
Ficus americana,14.81842105
Ficus andicola,14.81842105
Ficus benjamina,14.55
Ficus broadwayi,20
Ficus calyptroceras,13.5
Ficus clusiifolia,5
Ficus enormis,13.51578947
Ficus gomelleira,19.28571429
Ficus guianensis,12.3537037
Ficus insipida,24.02061856
Ficus lehmannii,5.263
Ficus matiziana,11.634
Ficus membranacea,11.9855
Ficus mutisii,8.81725
Ficus nymphaeifolia,23
Ficus obtusifolia,24
Ficus pertusa,9.381818182
Ficus sphenophylla,9.416666667
Ficus trigona,17.5
Ficus usiacurina,24
Fimbristylis dichotoma,27.1
Garcinia macrophylla,55.69714286
Garcinia madruno,33.633
Genipa americana,63.26388889
Gleasonia uaupensis,14
Gomidesia affinis,12.5
Goupia glabra,4.3
Guapira cuspidata,8.071428571
Guapira graciliflora,4
Guarea glabra,20
Guatteria decurrens,9.5
Guatteria ferruginea,5.5
Guatteria foliosa,9
Guatteria insculpta,8.5
Guatteria olivacea,8
Guatteria punctata,8
Guazuma mutamba,17.83870968
Guazuma ulmifolia,17.83870968
Guettarda acreana,5
Guettarda hirsuta,4.5
Guettarda viburnoides,12
Gustavia hexapetala,47.5
Hancornia speciosa,29.8
Harrisia bonplandii,42.5
Hebepetalum humiriifolium,6.25
Hedyosmum cuatrecazanum,8.183333333
Heisteria silvianii,10
Helicostylis pedunculata,5
Helicostylis scabra,11.9
Helicostylis tomentosa,25
Henriettella fissanthera,4
Heteropsis oblongifolia,13.88888889
Hieronyma oblonga,4
Holocalyx balansae,17.8
Homolepis aturensis,1.3
Hovenia dulcis,5.572413793
Hyeronima alchorneoides,4.323404255
Hymenaea altissima,49.43243243
Hymenaea courbaril,49.43243243
Hymenaea oblongifolia,25.5
Hymenaea stigonocarpa,17.4
Inga acreana,25
Inga acrocephala ,40
Inga alba,12.5
Inga bonplandiana,20
Inga cylindrica,18.1111111
Inga edulis,13.125
Inga gracilifolia,18.4
Inga huberi,40
Inga ingoides,17.5
Inga leiocalycina,21.25
Inga macrophylla ,34.16666667
Inga marginata,12.5
Inga pezizifera,44.9
Inga rubiginosa,37.9
Inga semialata,12.5
Inga stenoptera,17.5
Inga tenuistipula,28.5
Inga thibaudiana,18.75
Iriartea deltoidea,32.25
Iryanthera crassifolia,19.95
Iryanthera sagotiana,23.86666667
Jacaratia digitata,45
Jessenia bataua,22.5
Lacmellea aculeata,9.3605
Lacmellea ramosissima,9.4934
Laetia corymbulosa,12.3
Laetia procera,4.192105263
Lantana camara,3.833333333
Lecythis pisonis,152.5142857
Leonia glycycarpa,52.5
Licania membranacea,7.793777778
Lithraea molleoides,6.023166667
Maclura tinctoria,31.65
Mangifera indica,8
Manilkara bidentata,31.62857143
Manilkara huberi,33
Maquira calophylla,50
Marcgravia polyantha,15
Maripa janusiana,12.5
Maripa peruviana,15
Matayba elaeagnoides,15
Matisia obliquifolia,19.1
Mauritia flexuosa,36.42056075
Mauritiella aculeata,37.5
Maximiliana maripa,27.75
Maytenus macrocarpa,7
Mendoncia glomerata,6.011111111
Mendoncia hoffmannseggiana,8
Mendoncia odorata,13.5
Miconia acuminifera,8.591176471
Miconia albicans,5.8
Miconia cuspidata,3.277227723
Miconia flammea,3.23
Miconia holosericea,6.675
Miconia poeppigii,3.1
Micropholis caudata,19.5
Micropholis guyanensis ,17
Micropholis mensalis,17.212
Micropholis obscura,16.5
Micropholis venulosa,11.06666667
Monstera adansonii,7.714285714
Morus insignis,2.5
Mouriri collocarpa,28.4
Mouriri crassifolia,11.73333333
Mouriri elliptica,27.31333333
Moutabea aculeata,39.7
Moutabea guianensis,13
Musa velutina,29
Naucleopsis ulei,37.5
Nectandra cuspidata,9.208571429
Neea robusta,10
Norantea guianensis,16.16666667
Ocotea cernua,7
Ocotea oblonga,13
Ocotea percurrens,6.5
Odontocarya emarginata,13.6
Odontocarya petiolaris,14
Odontocarya tripetala,6.458333333
Oenocarpus bacaba,14
Oenocarpus mapora,12.91666667
Osteophloeum platyspermum,27.85
Oxandra mediocris ,10
Pacouria guianensis,110
Parahancornia fasciculata,31.75
Parinari excelsa,25
Parinari obtusifolia,20
Parkia multijuga,110
Parkia pendula,20.9
Paspalum conjugatum,1.5
Passiflora edulis,50.8
Passiflora involucrata,45
Paullinia capreolata,13.33333333
Paullinia faginea,16
Paullinia obovata,30.68181818
Pera arborea,10
Perebea mollis,26.8
Perebea xanthochyma,13.72142857
Pereskia aculeata,23.1
Peritassa laevigata,31.005
Philodendron appendiculatum,2.5
Philodendron corcovadense,6
Philodendron crassinervium,9
Philodendron eximium,1
Philodendron obliquifolium,28.3
Phoradendron piperoides,4.0087
Phyllanthus attenuatus,4.168272727
Phytelephas aequatorialis,26.48133333
Piper aduncum ,3.25
Pithecellobium dulce,15
Posoqueria latifolia,35.74074074
Pourouma bicolor,11.91666667
Pourouma guianensis,17.07407407
Pourouma melinoni,10.07682143
Pourouma minor,14.16666667
Pourouma mollis,11.5
Pourouma petiolulata,12.16666667
Pourouma tomentosa,11.28
Pourouma villosa,8.944176471
Pouteria ambelaniifolia,21.626
Pouteria bapeba,31.1
Pouteria bilocularis,19.8
Pouteria caimito ,40.6875
Pouteria campanulata,21.00166667
Pouteria cuspidata,20.53333333
Pouteria durlandii,63.6
Pouteria egregia,18.56666667
Pouteria engleri,22
Pouteria filipes,16.5116
Pouteria guianensis,36.47058824
Pouteria hispida,36.47058824
Pouteria laevigata,35.608
Pouteria oblanceolata,30
Pouteria procera,24.5
Pouteria reticulata,13.5
Pouteria torta,36.71875
Pouteria vernicosa,32.351
Prockia crucis,6.95825
Protium amazonicum,12.73333333
Protium apiculatum,21.45
Protium crenatum,20
Protium ferrugineum,15.26833333
Protium glabrescens,12
Protium heptaphyllum,15.4
Protium llanorum,11.05
Protium neglectum,11.82133333
Protium opacum,15.02
Protium rhoifolium,20
Protium robustum,25.8
Protium sagotianum ,26.85
Prunus debilis,18.455
Prunus myrtifolia ,9.4
Prunus sellowii,6.246666667
Pseudolmedia hirsuta,14
Pseudolmedia laevigata,10.3
Pseudolmedia laevis ,9.642857143
Pseudolmedia rigida,5.5
Pseudomalmea diclina,17
Psidium guajava,11
Psychotria carthagenesis,5.761538462
Psychotria kappleri,4.8
Psychotria mapourioides,5
Psychotria poeppigiana,17.5
Psychotria suterella,11
Randia hondensis ,22.9125
Rauvolfia paraensis,34.6
Rauvolfia sellowii,6.3
Rheedia macrophylla,63.29333333
Rhodostemonodaphne synandra,17
Rollinia dolichopetala,21.25
Rollinia edulis,21.3
Rollinia mucosa ,100
Rollinia sericea,33
Ruizodendron ovale ,16.54166667
Sacoglottis cydonioides,10.7
Salacia cordata,43.76033333
Salacia elliptica,42.76470588
Sapium stylare,10.89075
Sarcaulus brasiliensis ,20
Saurauia brachybotrys,8.825
Schefflera paraensis,14
Schinus terebinthifolius,3.791752577
Schlegelia ramizii,8
Scleria melaleuca,1.914285714
Senna macranthera,6.940909091
Simarouba amara,10.33
Sloanea guianensis,7.857142857
Socratea exorrhiza,21.66666667
Sorocea steinbachii,10.5
Souroubea sympetala ,18
Spondias mombin,25
Spondias venulosa ,25
Strychnos amazonica,18.45833333
Strychnos erichsonii,28
Strychnos panurensis,12.94
Strychnos schultesiana,68.75
Stryphnodendron guianense,10
Styrax ferrugineus,7.2
Swartzia leptopetala,22.158
Syagrus romanzoffiana,24.17821782
Syagrus sancona,23.16666667
Symphonia globulifera,38.3
Syzygium cumini,17.30645161
Talisia intermedia ,25.75
Talisia obovata,10.37675
Talisia retusa,29.5
Tapirira guianensis,7.916666667
Telitoxicum minutiflorum,17
Tetragastris panamensis,36.45
Theobroma obovatum,44.55
Theobroma subincanum,80.83333333
Tococa bullifera,6.1
Tontelea attenuata,32.1125
Tontelea mauritioides,13.70008696
Touroulia amazonica,17
Trattinnickia aspera,9.14586364
Trichilia micrantha ,4.5
Trichilia pleeana,21.11666667
Trichilia tuberculata,9
Trichostigma octandra,6
Trymatococcus oligandrus,13
Unonopsis lindmanii,9.227419355
Vassobia breviflora,3.141666667
Virola bicuhyba,15.74074074
Virola calophylla ,16.5
Virola duckei,20
Virola elongata,11.65
Virola flexuosa,19.28333333
Virola kwatae,39.06666667
Virola michelii,16.664
Virola oleifera,18
Virola pavonis,19
Virola peruviana ,22.5
Virola sebifera,13
Virola surinamensis,18.6
Vismia brasiliensis,10.1
Vismia macrophylla,7.522222222
Vismia mandur,9.533333333
Vitex cymosa,16.53666667
Vitex megapotamica,15.87
Ziziphus cinnamomum,15.6