Plant_Species,value
Casearia macrocarpa,F
Citrus sinensis,F
Eriobotrya japonica,F
Ficus benjamina,F
Ficus clusiifolia,F
Hieronyma oblonga,F
Holocalyx balansae,F
Hovenia dulcis,F
Mangifera indica,F
Morus nigra,F
Musa velutina,F
Parinari excelsa,F
Syzygium cumini,F
Abuta grandifolia,F
Abuta selloana ,F
Acca sellowiana,F
Aciotis aequatorialis,F
Aechmea rubiginosa,F
Alibertia edulis,F
Alibertia hadrantha,F
Allophylus mollis,F
Amaioua guianensis,F
Ambelania acida,F
Anacardium giganteum,F
Anacardium spruceanum,F
Ananas ananassoides,F
Annona cornifolia,F
Annona dioica,F
Annona haematantha,F
Anomospermum reticulatum,F
Anthurium crassinervium,F
Anthurium harrisii,F
Astrocaryum aculeatum,F
Astrocaryum jauari,F
Astrocaryum murumuru,F
Bagassa guianensis,F
Batocarpus orinocensis,F
Bellucia grossularioides,F
Bellucia pentamera,F
Bocageopsis multiflora,F
Bromelia balansae,F
Bromelia plumieri,F
Brosimum alicastrum,F
Brosimum guianensis,F
Brosimum lactescens,F
Brosimum parinarioides,F
Brosimum rubescens,F
Buchenavia amazonia,F
Buchenavia grandis,F
Buchenavia parvifolia,F
Buchenavia tomentosa,F
Byrsonima arthropoda,F
Byrsonima cowanii,F
Byrsonima crispa,F
Byrsonima gardneriana,F
Byrsonima orbignyana,F
Byrsonima schomburgkiana,F
Byrsonima stipulacea,F
Calyptranthes multiflora,F
Campomanesia guaviroba,F
Campomanesia neriiflora,F
Campomanesia speciosa,F
Caryocar glabrum,F
Casearia lasiophylla,F
Castilla ulei,F
Cayaponia granatensis,F
Cecropia angustifolia,F
Cecropia cinerea,F
Cecropia engleriana,F
Cecropia glaziovi,F
Cecropia hololeuca,F
Cecropia membranacea,F
Cecropia mutisiana,F
Cecropia obtusa,F
Cecropia obtusifolia,F
Cecropia pachystachya,F
Cecropia purpurascens,F
Cecropia sciadophylla,F
Cecropia telealba,F
Cecropia telenitida,F
Celtis schippii,F
Cestrum racemosum,F
Cheiloclinium hippocrateoides,F
Chrysophyllum amazonicum,F
Chrysophyllum lucentifolium,F
Chrysophyllum manaosense,F
Chrysophyllum parvulum,F
Chrysophyllum pomiferum,F
Chrysophyllum prieurii,F
Chrysophyllum viride,F
Cipocereus minensis,F
Cissus microcarpa,F
Cissus sicyoides ,F
Cissus trianae,F
Clarisia racemosa,F
Clidemia bullosa,F
Clidemia hirta,F
Clidemia urceolata,F
Clusia palmicida,F
Clusia parviflora,F
Coccoloba coronata,F
Coccoloba densifrons,F
Coccoloba excelsa,F
Coccoloba mollis,F
Coccoloba parimensis,F
Comolia veronicaefolia,F
Cordia bicolor,F
Cordia lomatoloba,F
Cordia nodosa,F
Cordiera sessilis,F
Couma macrocarpa,F
Couma utilis,F
Coussapoa latifolia,F
Coussapoa orthoneura,F
Coussapoa ovalifolia,F
Coussapoa villosa,F
Crepidospermum prancei,F
Crepidospermum rhoifolium,F
Cryptocarya aschersoniana,F
Cryptocarya mandioccana,F
Cryptocarya moschata,F
Curarea toxicofera,F
Dendrobangia boliviana,F
Dendropanax caucanus,F
Dendropanax macrophyllus,F
Diospyros hispida,F
Dipteryx micrantha,F
Dipteryx panamensis,F
Doliocarpus multiflorus,F
Drypetes variabilis,F
Duroia eriopila,F
Ecclinusa guianensis,F
Ecclinusa lanceolata,F
Ecclinusa ramiflora,F
Elephantomene eburnea,F
Emmotum acuminatum,F
Emmotum nitens,F
Endlicheria paniculata,F
Endlicheria sericea,F
Eugenia cerasiflora,F
Eugenia cribata,F
Eugenia florida,F
Eugenia nesiotica,F
Eugenia punicifolia,F
Ficus amazonica,F
Ficus americana,F
Ficus andicola,F
Ficus broadwayi,F
Ficus calyptroceras,F
Ficus enormis,F
Ficus gomelleira,F
Ficus guianensis,F
Ficus insipida,F
Ficus krukovii,F
Ficus lehmannii,F
Ficus matiziana,F
Ficus membranacea,F
Ficus mutisii,F
Ficus nymphaeifolia,F
Ficus obtusifolia,F
Ficus pertusa,F
Ficus sphenophylla,F
Ficus trigona,F
Ficus usiacurina,F
Garcinia macrophylla,F
Garcinia madruno,F
Genipa americana,F
Gleasonia uaupensis,F
Gomidesia affinis,F
Goupia glabra,F
Guapira cuspidata,F
Guapira graciliflora,F
Guapira guianensis,F
Guatteria decurrens,F
Guatteria ferruginea,F
Guatteria ferruginea,F
Guatteria foliosa,F
Guatteria insculpta,F
Guatteria olivacea,F
Guatteria punctata,F
Guettarda acreana,F
Guettarda hirsuta,F
Guettarda viburnoides,F
Hancornia speciosa,F
Harrisia bonplandii,F
Hebepetalum humiriifolium,F
Hedyosmum cuatrecazanum,F
Heisteria duckei,F
Heisteria nitida,F
Heisteria silvianii,F
Helicostylis pedunculata,F
Helicostylis scabra,F
Helicostylis tomentosa,F
Henriettella fissanthera,F
Heteropsis jenmanii,F
Heteropsis oblongifolia,F
Hyeronima alchorneoides,F
Hyeronima huilense,F
Hymenaea altissima,F
Hymenaea courbaril,F
Hymenaea oblongifolia,F
Hymenaea stigonocarpa,F
Inga acreana,F
Inga acrocephala ,F
Inga alba,F
Inga bonplandiana,F
Inga cylindrica,F
Inga edulis,F
Inga gracilifolia,F
Inga huberi,F
Inga ingoides,F
Inga leiocalycina,F
Inga macrophylla ,F
Inga marginata,F
Inga pezizifera,F
Inga rubiginosa,F
Inga semialata,F
Inga stenoptera,F
Inga tenuistipula,F
Inga thibaudiana,F
Iryanthera crassifolia,F
Iryanthera sagotiana,F
Jacaratia digitata,F
Lacmellea acida,F
Lacmellea aculeata,F
Lacmellea ramosissima,F
Laetia corymbulosa,F
Laetia procera,F
Lantana camara,F
Leonia glycycarpa,F
Licania membranacea,F
Lithraea molleoides,F
Maclura tinctoria,F
Manilkara bidentata,F
Manilkara huberi,F
Maquira calophylla,F
Marcgravia polyantha,F
Maripa janusiana,F
Maripa peruviana,F
Matisia obliquifolia,F
Mauritia flexuosa,F
Mauritiella aculeata,F
Maximiliana maripa,F
Maytenus macrocarpa,F
Miconia acuminifera,F
Miconia albicans,F
Miconia cuspidata,F
Miconia flammea,F
Miconia holosericea,F
Miconia poeppigii,F
Miconia ternatifolia,F
Miconia trianaei,F
Micropholis caudata,F
Micropholis cayennensis,F
Micropholis guyanensis ,F
Micropholis mensalis,F
Micropholis obscura,F
Micropholis venulosa,F
Minquartia guianensis,F
Monstera adansonii,F
Morus insignis,F
Mouriri collocarpa,F
Mouriri crassifolia,F
Mouriri elliptica,F
Moutabea aculeata,F
Moutabea guianensis,F
Myrcia guajavaefolia,F
Naucleopsis ulei,F
Nectandra cuspidata,F
Neea laxa,F
Neea robusta,F
Nepsera aquatica,F
Norantea guianensis,F
Ocotea cernua,F
Ocotea oblonga,F
Ocotea percurrens,F
Ocotea tomentosa,F
Odontocarya emarginata,F
Odontocarya petiolaris,F
Odontocarya tripetala,F
Opuntia cardiosperma,F
Osteophloeum platyspermum,F
Pacouria guianensis,F
Parahancornia fasciculata,F
Parinari obtusifolia,F
Passiflora edulis,F
Passiflora involucrata,F
Paullinia capreolata,F
Paullinia faginea,F
Paullinia obovata,F
Pera arborea,F
Perebea mollis,F
Perebea xanthochyma,F
Pereskia aculeata,F
Peritassa laevigata,F
Philodendron appendiculatum,F
Philodendron corcovadense,F
Philodendron crassinervium,F
Philodendron eximium,F
Philodendron obliquifolium,F
Phoradendron piperoides,F
Phyllanthus attenuatus,F
Phytelephas aequatorialis,F
Piper aduncum ,F
Piper glandulosissimum,F
Pithecellobium dulce,F
Pleurisanthes emarginata,F
Posoqueria latifolia,F
Pourouma bicolor,F
Pourouma guianensis,F
Pourouma melinoni,F
Pourouma minor,F
Pourouma mollis,F
Pourouma petiolulata,F
Pourouma tomentosa,F
Pourouma villosa,F
Pouteria ambelaniifolia,F
Pouteria aubrevillei,F
Pouteria bapeba,F
Pouteria bilocularis,F
Pouteria caimito ,F
Pouteria campanulata,F
Pouteria cuspidata,F
Pouteria durlandii,F
Pouteria egregia,F
Pouteria engleri,F
Pouteria filipes,F
Pouteria guianensis,F
Pouteria hispida,F
Pouteria laevigata,F
Pouteria oblanceolata,F
Pouteria procera,F
Pouteria reticulata,F
Pouteria torta,F
Pouteria vernicosa,F
Pradosia surinamensis,F
Prockia crucis,F
Protium amazonicum,F
Protium apiculatum,F
Protium crenatum,F
Protium ferrugineum,F
Protium glabrescens,F
Protium heptaphyllum,F
Protium llanorum,F
Protium neglectum,F
Protium opacum,F
Protium rhoifolium,F
Protium robustum,F
Protium sagotianum ,F
Prunus brasiliensis,F
Prunus debilis,F
Prunus myrtifolia ,F
Prunus sellowii,F
Pseudolmedia hirsuta,F
Pseudolmedia laevigata,F
Pseudolmedia laevis ,F
Pseudolmedia obliqua,F
Pseudolmedia rigida,F
Pseudomalmea diclina,F
Psidium guajava,F
Psidium guineensis,F
Psychotria capitata,F
Psychotria carthagenesis,F
Psychotria hoffmannseggiana,F
Psychotria kappleri,F
Psychotria mapourioides,F
Psychotria poeppigiana,F
Psychotria suterella,F
Quiina obovata,F
Randia hondensis ,F
Rauvolfia paraensis,F
Rauvolfia sellowii,F
Rheedia macrophylla,F
Rhodostemonodaphne synandra,F
Rollinia dolichopetala,F
Rollinia edulis,F
Rollinia mucosa ,F
Rollinia sericea,F
Roucheria columbiana,F
Roucheria schomburgkii,F
Ruizodendron ovale ,F
Sacoglottis cydonioides,F
Salacia cordata,F
Salacia elliptica,F
Sarcaulus brasiliensis ,F
Saurauia brachybotrys,F
Schefflera paraensis,F
Schinus terebinthifolius,F
Schlegelia ramizii,F
Simarouba amara,F
Socratea exorrhiza,F
Solanum barbeyanum,F
Solanum buddleiaefolium,F
Sorocea pubivena,F
Sorocea steinbachii,F
Souroubea bicolor,F
Souroubea guianensis,F
Souroubea sympetala ,F
Spermacoce ocymifolia,F
Spondias mombin,F
Spondias venulosa ,F
Strychnos amazonica,F
Strychnos erichsonii,F
Styrax ferrugineus,F
Swartzia leptopetala,F
Syagrus oleracea,F
Syagrus romanzoffiana,F
Syagrus sancona,F
Symphonia globulifera,F
Talisia intermedia ,F
Talisia obovata,F
Talisia retusa,F
Tapirira guianensis,F
Tapirira obtusa,F
Tapirira peckoltiana,F
Telitoxicum krukovii,F
Telitoxicum minutiflorum,F
Tetragastris panamensis,F
Theobroma obovatum,F
Theobroma subincanum,F
Tococa bullifera,F
Tontelea attenuata,F
Tontelea mauritioides,F
Touroulia amazonica,F
Trattinnickia aspera,F
Trichostigma octandra,F
Trymatococcus oligandrus,F
Unonopsis lindmanii,F
Vassobia breviflora,F
Virola bicuhyba,F
Virola calophylla ,F
Virola duckei,F
Virola elongata,F
Virola flexuosa,F
Virola kwatae,F
Virola michelii,F
Virola oleifera,F
Virola pavonis,F
Virola peruviana ,F
Virola sebifera,F
Vismia brasiliensis,F
Vismia macrophylla,F
Vismia mandur,F
Vitex capitata,F
Vitex cymosa,F
Vitex megapotamica,F
Ziziphus cinnamomum,F
Ziziphus joazeiro,F
Clarisia iricifolia,F
Borreria latifolia,D
Crepis tectorum,D
Cyperus diffusus,D
Fimbristylis dichotoma,D
Turnera ulmifolia,D
Acalypha alopecuroidea,D
Acrocomia aculeata,D
Allagoptera leucocalyx,D
Apeiba aspera,D
Araucaria angustifolia,D
Attalea phalerata,D
Barcella odora,D
Bursera inversa,D
Cassia moschata,D
Chorisia speciosa,D
Clitoria javitensis,D
Copaifera langsdorfii,D
Copernicia alba,D
Cyperus distans,D
Dialium gianense,D
Dicranostyles ampla,D
Dicranostyles holostyla,D
Dimorphandra mollis,D
Dioclea virgata,D
Enterolobium contortisiliquum,D
Enterolobium cyclocarpum,D
Enterolobium schomburgkii,D
Euterpe edulis,D
Guarea glabra,D
Guazuma mutamba,D
Guazuma ulmifolia,D
Gustavia hexapetala,D
Homolepis aturensis,D
Iriartea deltoidea,D
Jessenia bataua,D
Lecythis pisonis,D
Lepidagathis alopecuroidea,D
Ludovia lancifolia,D
Matayba elaeagnoides,D
Mendoncia glomerata,D
Mendoncia hoffmannseggiana,D
Mendoncia odorata,D
Mendoncia pedunculata,D
Oenocarpus bacaba,D
Oenocarpus mapora,D
Oxandra mediocris ,D
Panicum laxum,D
Parkia multijuga,D
Parkia pendula,D
Paspalum conjugatum,D
Rhynchospora pubera,D
Sapium stylare,D
Scleria melaleuca,D
Senna macranthera,D
Sloanea guianensis,D
Steirachne diandra,D
Strychnos panurensis,D
Strychnos schultesiana,D
Stryphnodendron guianense,D
Stryphnodendron polystachyum,D
Trichilia micrantha ,D
Trichilia pleeana,D
Trichilia tuberculata,D
Virola surinamensis,D
Xylopia polyantha,D
Xyris jupicai,D