Plant_Species,S_Width
Abuta grandifolia,9.990909091
Abuta selloana ,11
Acalypha alopecuroidea,0.9
Acca sellowiana,1.380952381
Acrocomia aculeata,23.8
Aechmea rubiginosa,4
Alibertia hadrantha,9
Anacardium giganteum,6
Anacardium spruceanum,16
Ananas ananassoides,2.258064516
Anomospermum reticulatum,22.5
Apeiba aspera,1.627272727
Araucaria angustifolia,14.89090909
Astrocaryum aculeatum,6.233333333
Astrocaryum jauari,25
Astrocaryum murumuru,25
Attalea phalerata,7.111111111
Batocarpus orinocensis,9.107142857
Bellucia grossularioides,0.741666667
Bellucia pentamera,0.25
Bocageopsis multiflora,5.5
Borreria latifolia,1.25
Bromelia plumieri,3.483870968
Brosimum alicastrum,9.730769231
Brosimum guianensis,6.5
Brosimum lactescens,8.924528302
Brosimum parinarioides,6.6
Brosimum rubescens,5.55
Buchenavia grandis,11.18214286
Bursera inversa,12.02857143
Byrsonima crispa,8.05
Byrsonima gardneriana,5
Byrsonima orbignyana,7
Campomanesia guaviroba,6
Campomanesia neriiflora,9
Campomanesia speciosa,10
Caryocar glabrum,23.8
Casearia macrocarpa,4.809090909
Cassia moschata,5.633333333
Castilla ulei,8.5
Cayaponia granatensis,10.375
Cecropia angustifolia,0.796
Cecropia cinerea,1.045866667
Cecropia engleriana,1.3
Cecropia glaziovi,1.1
Cecropia hololeuca,1
Cecropia membranacea,1.841666667
Cecropia obtusa,0.5
Cecropia obtusifolia,1.125
Cecropia pachystachya,1.045866667
Cecropia sciadophylla,1.157142857
Cecropia telealba,0.7
Celtis schippii,5.15
Cestrum racemosum,2.2
Cheiloclinium hippocrateoides,12.26666667
Chorisia speciosa,7.98
Chrysophyllum amazonicum,4
Chrysophyllum lucentifolium,12.05714286
Chrysophyllum manaosense,12.5
Chrysophyllum parvulum,8.5
Chrysophyllum pomiferum,8
Chrysophyllum prieurii,17
Chrysophyllum viride,5
Cissus sicyoides ,3.5
Cissus trianae,4.3
Citrus sinensis,4.7
Clarisia racemosa,12.71538462
Clidemia urceolata,0.525
Clitoria javitensis,9.45
Clusia palmicida,2.496
Clusia parviflora,2
Coccoloba coronata,5.6
Coccoloba densifrons,8.242857143
Coccoloba mollis,5.3
Copaifera langsdorfii,8.925925926
Copernicia alba,9.264705882
Cordia bicolor,7
Cordia nodosa,7.124324324
Couma macrocarpa,8.747368421
Coussapoa orthoneura,1.15
Coussapoa ovalifolia,1.6
Coussapoa villosa,1.9
Crepidospermum rhoifolium,7.242857143
Cryptocarya aschersoniana,20
Cryptocarya mandioccana,15.2
Cryptocarya moschata,15
Dendropanax caucanus,4.05
Dialium gianense,8.1875
Dicranostyles ampla,12.5
Dimorphandra mollis,6
Dioclea virgata,7
Diospyros hispida,5.29
Dipteryx micrantha,29.2962963
Dipteryx panamensis,15
Doliocarpus multiflorus,4.642857143
Drypetes variabilis,9.65
Ecclinusa guianensis,13
Ecclinusa lanceolata,15
Ecclinusa ramiflora,11.2
Elephantomene eburnea,25
Endlicheria sericea,15.5
Enterolobium contortisiliquum,17.4
Enterolobium cyclocarpum,15
Enterolobium schomburgkii,4.85
Eugenia cerasiflora,17.16666667
Eugenia cribata,14.2
Eugenia florida,5
Eugenia nesiotica,12.81818182
Eugenia punicifolia,6
Euterpe edulis,11
Ficus americana,0.958333333
Ficus andicola,0.958333333
Ficus benjamina,0.410526316
Ficus clusiifolia,0.7
Ficus gomelleira,1.208333333
Ficus guianensis,0.958333333
Ficus insipida,1.4
Ficus nymphaeifolia,1
Ficus obtusifolia,0.9
Ficus pertusa,0.75
Ficus sphenophylla,0.75
Ficus trigona,0.875
Ficus usiacurina,0.98
Fimbristylis dichotoma,0.770909091
Garcinia macrophylla,12.59722222
Garcinia madruno,9.9
Genipa americana,9.2
Gleasonia uaupensis,8
Goupia glabra,1
Guapira cuspidata,5.5
Guapira guianensis,3.36
Guarea glabra,15
Guatteria decurrens,9.5
Guatteria ferruginea,4.64516129
Guatteria insculpta,7
Guatteria olivacea,4.925
Guatteria punctata,4.925
Guazuma mutamba,1.5
Guazuma ulmifolia,1.5
Guettarda viburnoides,3.65
Gustavia hexapetala,10
Harrisia bonplandii,1.8
Hebepetalum humiriifolium,0.75
Hedyosmum cuatrecazanum,2.75
Heisteria nitida,6
Heisteria silvianii,12
Helicostylis pedunculata,4
Helicostylis scabra,5
Helicostylis tomentosa,6.125
Henriettella fissanthera,0.375
Heteropsis oblongifolia,6.137931034
Hieronyma oblonga,2.85
Homolepis aturensis,0.4375
Hovenia dulcis,3.225
Hyeronima alchorneoides,2.142857143
Hymenaea altissima,17.85869565
Hymenaea courbaril,17.85869565
Hymenaea oblongifolia,11
Hymenaea stigonocarpa,12.684
Inga acreana,7.795454545
Inga acrocephala ,11
Inga alba,6.269886364
Inga bonplandiana,7.3
Inga cylindrica,7.65
Inga edulis,14.99665179
Inga gracilifolia,8.9
Inga ingoides,5.733333333
Inga leiocalycina,10.58947368
Inga macrophylla ,17.54761905
Inga marginata,7.352272727
Inga pezizifera,10
Inga rubiginosa,9
Inga semialata,7.352272727
Inga stenoptera,9
Inga tenuistipula,9.4
Inga thibaudiana,4.8
Iriartea deltoidea,23.38114754
Iryanthera sagotiana,21.9
Jacaratia digitata,3.75
Laetia corymbulosa,2.210055866
Laetia procera,2.25
Lecythis pisonis,25.82307692
Leonia glycycarpa,8.761363636
Lithraea molleoides,3.426666667
Maclura tinctoria,1.9
Mangifera indica,18.5
Manilkara bidentata,13.08691983
Manilkara huberi,13.03071594
Maquira calophylla,16.7
Maripa janusiana,8
Maripa peruviana,9.65
Matayba elaeagnoides,7
Mauritia flexuosa,36.66666667
Maximiliana maripa,20
Maytenus macrocarpa,5.4
Mendoncia odorata,8.075
Miconia albicans,1
Miconia cuspidata,0.587562189
Miconia flammea,1.85
Miconia holosericea,1.25
Miconia poeppigii,0.545
Miconia ternatifolia,0.8
Micropholis caudata,11
Micropholis guyanensis ,8.583333333
Micropholis mensalis,8.477
Micropholis obscura,7.1
Minquartia guianensis,12
Monstera adansonii,5
Mouriri collocarpa,17.95
Mouriri crassifolia,5.4
Mouriri elliptica,11.88114754
Moutabea aculeata,6.05
Moutabea guianensis,17.9
Musa velutina,2.5
Naucleopsis ulei,4.468421053
Nectandra cuspidata,9.9
Neea laxa,4
Norantea guianensis,7.138888889
Ocotea cernua,6
Ocotea oblonga,11.55
Ocotea percurrens,8
Odontocarya petiolaris,8.55
Odontocarya tripetala,5.55
Oenocarpus mapora,14.22727273
Osteophloeum platyspermum,10.95
Oxandra mediocris ,7.227272727
Pacouria guianensis,15.7
Parahancornia fasciculata,6.6
Parinari excelsa,16
Parkia multijuga,13.6
Parkia pendula,4.95
Paspalum conjugatum,1.4
Passiflora edulis,1.766666667
Passiflora involucrata,4.5
Paullinia capreolata,9
Paullinia faginea,9
Paullinia obovata,7.541666667
Pera arborea,6.677419355
Perebea mollis,6.677083333
Perebea xanthochyma,5.164285714
Pereskia aculeata,6
Peritassa laevigata,13
Philodendron appendiculatum,0.53
Philodendron corcovadense,1.813333333
Philodendron eximium,0.1
Philodendron obliquifolium,1.335714286
Phoradendron piperoides,2
Phytelephas aequatorialis,31.867
Piper aduncum ,0.746969697
Posoqueria latifolia,10.97948718
Pourouma bicolor,7.447916667
Pourouma minor,9.921875
Pourouma mollis,7.477272727
Pourouma petiolulata,7.7375
Pourouma tomentosa,8.38
Pouteria bapeba,13
Pouteria bilocularis,2.5
Pouteria caimito ,11.99038462
Pouteria campanulata,9.945
Pouteria cuspidata,10.62
Pouteria durlandii,12.19090909
Pouteria egregia,10.1
Pouteria engleri,11
Pouteria guianensis,7.727272727
Pouteria hispida,7.727272727
Pouteria laevigata,21.78695652
Pouteria oblanceolata,14.5
Pouteria procera,17.5
Pouteria reticulata,10.67045455
Pouteria torta,7.380952381
Prockia crucis,2
Protium apiculatum,8
Protium crenatum,8.727272727
Protium glabrescens,6.361111111
Protium heptaphyllum,6.4
Protium rhoifolium,7.85
Protium robustum,6.271428571
Protium sagotianum ,7.56875
Prunus myrtifolia ,11
Pseudolmedia hirsuta,6.6
Pseudolmedia laevigata,5.389583333
Pseudolmedia laevis ,5.398780488
Pseudolmedia obliqua,6
Pseudolmedia rigida,3.5
Pseudomalmea diclina,10.675
Psidium guajava,6
Psychotria carthagenesis,3.523809524
Psychotria mapourioides,2
Psychotria suterella,2.658823529
Randia hondensis ,8.9
Rauvolfia paraensis,16
Rauvolfia sellowii,3.7
Rheedia macrophylla,12.15357143
Rhodostemonodaphne synandra,11.5
Rollinia dolichopetala,3.7488
Rollinia edulis,4.256973684
Rollinia mucosa ,5
Rollinia sericea,5
Ruizodendron ovale ,11.70833333
Salacia cordata,25
Sapium stylare,5
Sarcaulus brasiliensis ,9.888888889
Schefflera paraensis,5.4
Schlegelia ramizii,1.044444444
Scleria melaleuca,1.795
Senna macranthera,4.5
Simarouba amara,8.075
Sloanea guianensis,5.981081081
Socratea exorrhiza,17.48148148
Sorocea steinbachii,5
Souroubea sympetala ,1.65
Spondias mombin,16.35714286
Spondias venulosa ,17.6
Strychnos amazonica,11.25
Strychnos erichsonii,14
Strychnos panurensis,9.95
Strychnos schultesiana,16.42857143
Stryphnodendron guianense,6.6
Styrax ferrugineus,4.9
Swartzia leptopetala,13.492
Syagrus sancona,19.54545455
Symphonia globulifera,25.5
Syzygium cumini,7.05
Talisia intermedia ,14.85714286
Talisia obovata,11.3015
Talisia retusa,7
Tapirira guianensis,5.171428571
Tetragastris panamensis,8.4
Theobroma obovatum,5.815571429
Theobroma subincanum,14.83333333
Tontelea attenuata,18.3
Tontelea mauritioides,7
Touroulia amazonica,4
Trattinnickia aspera,9
Trichilia micrantha ,5
Trichilia pleeana,7.166666667
Trichilia tuberculata,5.363636364
Trichostigma octandra,3.3
Trymatococcus oligandrus,7
Turnera ulmifolia,1.041666667
Unonopsis lindmanii,8.55
Vassobia breviflora,1.26
Virola bicuhyba,15
Virola calophylla ,12.45235149
Virola elongata,5.173684211
Virola flexuosa,12.67142857
Virola kwatae,18.2
Virola michelii,14.20133333
Virola oleifera,16
Virola pavonis,14.03025
Virola peruviana ,13.925
Virola sebifera,8.333333333
Virola surinamensis,14.4
Vitex capitata,7.16
Vitex cymosa,8.453513514
Vitex megapotamica,5.93
Xylopia polyantha,5.308961039
Xyris jupicai,0.3
Ziziphus cinnamomum,12.8
Ziziphus joazeiro,7