mammal,threatened_status,body_size,plant_species,family,native_introduced,fleshy_dry,dehiscent_indehiscent,number_s_per_f,s_width,f_width,citation_number,citations
Alouatta seniculus,NT,S,Coussapoa ovalifolia,Urticaceae,N,F,I,NA,1.6,NA,1,Andresen 1999
Alouatta seniculus,NT,S,Trichostigma octandra,Phytolaccaceae,N,F,I,1,3.3,6,1,Andresen 1999
Alouatta seniculus,NT,S,Parkia pendula,Fabaceae,N,D,I,21.5,4.95,20.9,2,Andresen 2000
Alouatta seniculus,NT,S,Brosimum rubescens,Moraceae,N,F,I,NA,5.55,13.67142857,2,Andresen 2000
Alouatta seniculus,NT,S,Inga alba,Leguminosae,N,F,I,10.171875,6.269886364,12.5,2,Andresen 2000
Alouatta seniculus,NT,S,Chrysophyllum pomiferum,Sapotaceae,N,F,I,5,8,27.5,2,Andresen 2000
Alouatta seniculus,NT,S,Pouteria cuspidata,Sapotaceae,N,F,I,1.071428571,10.62,20.53333333,2,Andresen 2000
Alouatta seniculus,NT,S,Pouteria reticulata,Sapotaceae,N,F,I,1.92,10.67045455,13.5,2,Andresen 2000
Alouatta seniculus,NT,S,Chrysophyllum manaosense,Sapotaceae,N,F,I,3.5,12.5,30,2,Andresen 2000
Alouatta seniculus,NT,S,Pouteria oblanceolata,Sapotaceae,N,F,I,1,14.5,30,2,Andresen 2000
Alouatta seniculus,NT,S,Anacardium spruceanum,Anacardiaceae,N,F,I,1,16,36,2,Andresen 2000
Alouatta seniculus,NT,S,Socratea exorrhiza,Arecaceae,N,F,I,1,17.48148148,21.66666667,2,Andresen 2000
Alouatta seniculus,NT,S,Mendoncia hoffmannseggiana,Acanthaceae,N,D,D,NA,NA,8,2,Andresen 2000
Alouatta seniculus,NT,S,Clarisia iricifolia,Moraceae,N,F,I,NA,NA,NA,2,Andresen 2000
Alouatta seniculus,NT,S,Micropholis venulosa,Sapotaceae,N,F,I,NA,NA,11.06666667,2,Andresen 2000
Alouatta seniculus,NT,S,Helicostylis scabra,Moraceae,N,F,I,NA,5,11.9,2,Andresen 2000
Alouatta seniculus,NT,S,Ocotea percurrens,Lauraceae,N,F,I,NA,8,6.5,2,Andresen 2000
Alouatta seniculus,NT,S,Byrsonima crispa,Malpighiaceae,N,F,I,1,8.05,11,2,Andresen 2000
Alouatta seniculus,NT,S,Pourouma minor,Urticaceae,N,F,I,1,9.921875,14.16666667,2,Andresen 2000
Alouatta seniculus,NT,S,Buchenavia grandis,Combretaceae,N,F,I,1,11.18214286,18,2,Andresen 2000
Alouatta seniculus,NT,S,Pouteria durlandii,Sapotaceae,N,F,I,2.166666667,12.19090909,63.6,2,Andresen 2000
Alouatta seniculus,NT,S,Pourouma guianensis,Urticaceae,N,F,I,1,NA,17.07407407,2,Andresen 2000
Alouatta seniculus,NT,S,Micropholis guyanensis ,Sapotaceae,N,F,I,1.5,8.583333333,17,2,Andresen 2000
Alouatta seniculus,NT,S,Osteophloeum platyspermum,Myristicaceae,N,F,D,1,10.95,27.85,2,Andresen 2000
Alouatta seniculus,NT,S,Helicostylis tomentosa,Moraceae,N,F,I,12.13712121,6.125,25,2,Andresen 2000
Alouatta seniculus,NT,S,Spondias mombin,Anacardiaceae,N,F,I,1.357142857,16.35714286,25,2,Andresen 2000
Alouatta seniculus,NT,S,Goupia glabra,Goupiaceae,N,F,I,3.967741935,1,4.3,2,Andresen 2000
Alouatta seniculus,NT,S,Brosimum parinarioides,Moraceae,N,F,I,NA,6.6,23.1,2,Andresen 2000
Alouatta seniculus,NT,S,Minquartia guianensis,Olacaceae,N,F,I,NA,12,NA,2,Andresen 2000
Alouatta seniculus,NT,S,Manilkara bidentata,Sapotaceae,N,F,I,1.099074074,13.08691983,31.62857143,2,Andresen 2000
Alouatta seniculus,NT,S,Micropholis guyanensis ,Sapotaceae,N,F,I,1.5,8.583333333,17,3,Andresen 2001
Alouatta seniculus,NT,S,Helicostylis scabra,Moraceae,N,F,I,NA,5,11.9,4,Andreson 2004
Alouatta seniculus,NT,S,Ocotea percurrens,Lauraceae,N,F,I,NA,8,6.5,4,Andreson 2004
Alouatta seniculus,NT,S,Byrsonima crispa,Malpighiaceae,N,F,I,1,8.05,11,4,Andreson 2004
Alouatta seniculus,NT,S,Pourouma minor,Urticaceae,N,F,I,1,9.921875,14.16666667,4,Andreson 2004
Alouatta seniculus,NT,S,Buchenavia grandis,Combretaceae,N,F,I,1,11.18214286,18,4,Andreson 2004
Alouatta seniculus,NT,S,Pouteria durlandii,Sapotaceae,N,F,I,2.166666667,12.19090909,63.6,4,Andreson 2004
Alouatta seniculus,NT,S,Pourouma guianensis,Urticaceae,N,F,I,1,NA,17.07407407,4,Andreson 2004
Alouatta seniculus,NT,S,Micropholis guyanensis ,Sapotaceae,N,F,I,1.5,8.583333333,17,4,Andreson 2004
Alouatta seniculus,NT,S,Helicostylis tomentosa,Moraceae,N,F,I,12.13712121,6.125,25,4,Andreson 2004
Alouatta seniculus,NT,S,Minquartia guianensis,Olacaceae,N,F,I,NA,12,NA,4,Andreson 2004
Alouatta seniculus,NT,S,Manilkara bidentata,Sapotaceae,N,F,I,1.099074074,13.08691983,31.62857143,4,Andreson 2004
Alouatta seniculus,NT,S,Micropholis guyanensis ,Sapotaceae,N,F,I,1.5,8.583333333,17,5,Feer 1999
Alouatta seniculus,NT,S,Schefflera paraensis,Araliaceae,N,F,I,NA,5.4,14,5,Feer 1999
Alouatta seniculus,NT,S,Parahancornia fasciculata,Apocynaceae,N,F,I,NA,6.6,31.75,5,Feer 1999
Alouatta seniculus,NT,S,Chrysophyllum lucentifolium,Sapotaceae,N,F,I,4.01,12.05714286,57,5,Feer 1999
Alouatta seniculus,NT,S,Chrysophyllum lucentifolium,Sapotaceae,N,F,I,4.01,12.05714286,57,6,Feer 2002
Alouatta seniculus,NT,S,Cecropia telealba,Urticaceae,N,F,I,3528,0.7,23.8,7,Giraldo 2007
Alouatta seniculus,NT,S,Allophylus mollis,Sapindaceae,N,F,I,1,NA,8.535869565,7,Giraldo 2007
Alouatta seniculus,NT,S,Miconia acuminifera,Melastomataceae,N,F,I,95,NA,8.591176471,7,Giraldo 2007
Alouatta seniculus,NT,S,Dendropanax macrophyllus,Araliaceae,N,F,I,NA,NA,9.757142857,7,Giraldo 2007
Alouatta seniculus,NT,S,Bocageopsis multiflora,Annonaceae,N,F,I,1.5,5.5,5.5,8,Gomez 2004
Alouatta seniculus,NT,S,Pouteria engleri,Sapotaceae,N,F,I,2,11,22,8,Gomez 2004
Alouatta seniculus,NT,S,Cheiloclinium hippocrateoides,Celastraceae,N,F,D,3,12.26666667,21.43333333,8,Gomez 2004
Alouatta seniculus,NT,S,Byrsonima stipulacea,Malpighiaceae,N,F,I,NA,NA,10.98,8,Gomez 2004
Alouatta seniculus,NT,S,Pourouma villosa,Urticaceae,N,F,I,NA,NA,8.944176471,8,Gomez 2004
Alouatta seniculus,NT,S,Osteophloeum platyspermum,Myristicaceae,N,F,D,1,10.95,27.85,8,Gomez 2004
Alouatta seniculus,NT,S,Helicostylis tomentosa,Moraceae,N,F,I,12.13712121,6.125,25,8,Gomez 2004
Alouatta seniculus,NT,S,Clarisia racemosa,Moraceae,N,F,I,1,12.71538462,16.58333333,8,Gomez 2004
Alouatta seniculus,NT,S,Guapira guianensis,Nyctaginaceae,N,F,I,NA,3.36,NA,9,Grafton 2004
Alouatta seniculus,NT,S,Talisia retusa,Sapindaceae,N,F,I,NA,7,29.5,9,Grafton 2004
Alouatta seniculus,NT,S,Vitex capitata,Lamiaceae,N,F,I,NA,7.16,NA,9,Grafton 2004
Alouatta seniculus,NT,S,Brosimum lactescens,Moraceae,N,F,I,1.45530303,8.924528302,15,9,Grafton 2004
Alouatta seniculus,NT,S,Byrsonima schomburgkiana,Malpighiaceae,N,F,I,NA,NA,NA,9,Grafton 2004
Alouatta seniculus,NT,S,Pouteria laevigata,Sapotaceae,N,F,I,4,21.78695652,35.608,9,Grafton 2004
Alouatta seniculus,NT,S,Spondias mombin,Anacardiaceae,N,F,I,1.357142857,16.35714286,25,10,Guillotin 1994
Alouatta seniculus,NT,S,Cecropia obtusa,Urticaceae,N,F,I,NA,0.5,0.8,10,Guillotin 1994
Alouatta seniculus,NT,S,Cecropia sciadophylla,Urticaceae,N,F,I,1950,1.157142857,15,10,Guillotin 1994
Alouatta seniculus,NT,S,Ziziphus cinnamomum,Rhamnaceae,N,F,I,1,12.8,15.6,10,Guillotin 1994
Alouatta seniculus,NT,S,Ludovia lancifolia,Cyclanthaceae,N,D,I,NA,NA,NA,10,Guillotin 1994
Alouatta seniculus,NT,S,Goupia glabra,Goupiaceae,N,F,I,3.967741935,1,4.3,10,Guillotin 1994
Alouatta seniculus,NT,S,Virola michelii,Myristicaceae,N,F,D,1,14.20133333,16.664,10,Guillotin 1994
Alouatta seniculus,NT,S,Tetragastris panamensis,Burseraceae,N,F,D,5.5,8.4,36.45,10,Guillotin 1994
Alouatta seniculus,NT,S,Pouteria egregia,Sapotaceae,N,F,I,1,10.1,18.56666667,10,Guillotin 1994
Alouatta seniculus,NT,S,Moutabea guianensis,Polygalaceae,N,F,I,NA,17.9,13,10,Guillotin 1994
Alouatta seniculus,NT,S,Iryanthera sagotiana,Myristicaceae,N,F,D,1,21.9,23.86666667,10,Guillotin 1994
Alouatta seniculus,NT,S,Bagassa guianensis,Moraceae,N,F,I,NA,NA,19.16666667,10,Guillotin 1994
Alouatta seniculus,NT,S,Virola flexuosa,Myristicaceae,N,F,D,1,12.67142857,19.28333333,11,Holbrook 2006
Alouatta seniculus,NT,S,Schefflera paraensis,Araliaceae,N,F,I,NA,5.4,14,12,Julliot 1996
Alouatta seniculus,NT,S,Parahancornia fasciculata,Apocynaceae,N,F,I,NA,6.6,31.75,12,Julliot 1996
Alouatta seniculus,NT,S,Cecropia obtusa,Urticaceae,N,F,I,NA,0.5,0.8,12,Julliot 1996
Alouatta seniculus,NT,S,Cecropia sciadophylla,Urticaceae,N,F,I,1950,1.157142857,15,12,Julliot 1996
Alouatta seniculus,NT,S,Ziziphus cinnamomum,Rhamnaceae,N,F,I,1,12.8,15.6,12,Julliot 1996
Alouatta seniculus,NT,S,Ludovia lancifolia,Cyclanthaceae,N,D,I,NA,NA,NA,12,Julliot 1996
Alouatta seniculus,NT,S,Goupia glabra,Goupiaceae,N,F,I,3.967741935,1,4.3,12,Julliot 1996
Alouatta seniculus,NT,S,Ficus pertusa,Moraceae,N,F,I,53.83647505,0.75,9.381818182,12,Julliot 1996
Alouatta seniculus,NT,S,Ficus trigona,Moraceae,N,F,I,187.2727273,0.875,17.5,12,Julliot 1996
Alouatta seniculus,NT,S,Ficus guianensis,Moraceae,N,F,I,114.9411765,0.958333333,12.3537037,12,Julliot 1996
Alouatta seniculus,NT,S,Phoradendron piperoides,Santalaceae ,N,F,I,NA,2,4.0087,12,Julliot 1996
Alouatta seniculus,NT,S,Pouteria bilocularis,Sapotaceae,N,F,I,1,2.5,19.8,12,Julliot 1996
Alouatta seniculus,NT,S,Psychotria carthagenesis,Rubiaceae,N,F,I,2,3.523809524,5.761538462,12,Julliot 1996
Alouatta seniculus,NT,S,Tapirira guianensis,Anacardiaceae,N,F,I,1,5.171428571,7.916666667,12,Julliot 1996
Alouatta seniculus,NT,S,Trymatococcus oligandrus,Moraceae,N,F,I,NA,7,13,12,Julliot 1996
Alouatta seniculus,NT,S,Pourouma mollis,Urticaceae,N,F,I,1,7.477272727,11.5,12,Julliot 1996
Alouatta seniculus,NT,S,Pouteria hispida,Sapotaceae,N,F,I,2.941176471,7.727272727,36.47058824,12,Julliot 1996
Alouatta seniculus,NT,S,Micropholis mensalis,Sapotaceae,N,F,I,1.5,8.477,17.212,12,Julliot 1996
Alouatta seniculus,NT,S,Ecclinusa guianensis,Sapotaceae,N,F,I,3,13,22.5,12,Julliot 1996
Alouatta seniculus,NT,S,Virola surinamensis,Myristicaceae,N,D,D,1,14.4,18.6,12,Julliot 1996
Alouatta seniculus,NT,S,Ecclinusa lanceolata,Sapotaceae,N,F,I,4.5,15,28,12,Julliot 1996
Alouatta seniculus,NT,S,Caryocar glabrum,Caryocaraceae,N,F,I,1.5,23.8,55,12,Julliot 1996
Alouatta seniculus,NT,S,Salacia cordata,Celastraceae,N,F,D,3.5,25,43.76033333,12,Julliot 1996
Alouatta seniculus,NT,S,Pouteria filipes,Sapotaceae,N,F,I,2,NA,16.5116,12,Julliot 1996
Alouatta seniculus,NT,S,Guettarda acreana,Rubiaceae,N,F,I,3,NA,5,12,Julliot 1996
Alouatta seniculus,NT,S,Coussapoa latifolia,Urticaceae,N,F,I,75,NA,8.216666667,12,Julliot 1996
Alouatta seniculus,NT,S,Annona haematantha,Annonaceae,N,F,I,NA,NA,NA,12,Julliot 1996
Alouatta seniculus,NT,S,Coccoloba parimensis,Polygonaceae,N,F,I,NA,NA,6.416666667,12,Julliot 1996
Alouatta seniculus,NT,S,Cordia lomatoloba,Boraginaceae,N,F,I,NA,NA,7.218133333,12,Julliot 1996
Alouatta seniculus,NT,S,Ficus amazonica,Moraceae,N,F,I,NA,NA,7,12,Julliot 1996
Alouatta seniculus,NT,S,Ficus broadwayi,Moraceae,N,F,I,NA,NA,20,12,Julliot 1996
Alouatta seniculus,NT,S,Heteropsis jenmanii,Araceae,N,F,I,NA,NA,NA,12,Julliot 1996
Alouatta seniculus,NT,S,Lacmellea aculeata,Apocynaceae,N,F,I,NA,NA,9.3605,12,Julliot 1996
Alouatta seniculus,NT,S,Licania membranacea,Chrysobalanaceae,N,F,I,NA,NA,7.793777778,12,Julliot 1996
Alouatta seniculus,NT,S,Pourouma melinoni,Urticaceae,N,F,I,NA,NA,10.07682143,12,Julliot 1996
Alouatta seniculus,NT,S,Protium neglectum,Burseraceae,N,F,D,NA,NA,11.82133333,12,Julliot 1996
Alouatta seniculus,NT,S,Tapirira peckoltiana,Anacardiaceae,N,F,I,NA,NA,NA,12,Julliot 1996
Alouatta seniculus,NT,S,Brosimum parinarioides,Moraceae,N,F,I,NA,6.6,23.1,12,Julliot 1996
Alouatta seniculus,NT,S,Virola michelii,Myristicaceae,N,F,D,1,14.20133333,16.664,12,Julliot 1996
Alouatta seniculus,NT,S,Pouteria torta,Sapotaceae,N,F,I,2.768421053,7.380952381,36.71875,12,Julliot 1996
Alouatta seniculus,NT,S,Quiina obovata,Quiinaceae,N,F,I,NA,NA,NA,12,Julliot 1996
Alouatta seniculus,NT,S,Minquartia guianensis,Olacaceae,N,F,I,NA,12,NA,12,Julliot 1996
Alouatta seniculus,NT,S,Chrysophyllum lucentifolium,Sapotaceae,N,F,I,4.01,12.05714286,57,12,Julliot 1996
Alouatta seniculus,NT,S,Manilkara bidentata,Sapotaceae,N,F,I,1.099074074,13.08691983,31.62857143,12,Julliot 1996
Alouatta seniculus,NT,S,Pouteria laevigata,Sapotaceae,N,F,I,4,21.78695652,35.608,12,Julliot 1996
Alouatta seniculus,NT,S,Tetragastris panamensis,Burseraceae,N,F,D,5.5,8.4,36.45,12,Julliot 1996
Alouatta seniculus,NT,S,Pouteria egregia,Sapotaceae,N,F,I,1,10.1,18.56666667,12,Julliot 1996
Alouatta seniculus,NT,S,Moutabea guianensis,Polygalaceae,N,F,I,NA,17.9,13,12,Julliot 1996
Alouatta seniculus,NT,S,Iryanthera sagotiana,Myristicaceae,N,F,D,1,21.9,23.86666667,12,Julliot 1996
Alouatta seniculus,NT,S,Bagassa guianensis,Moraceae,N,F,I,NA,NA,19.16666667,12,Julliot 1996
Alouatta seniculus,NT,S,Ficus nymphaeifolia,Moraceae,N,F,I,350,1,23,12,Julliot 1996
Alouatta seniculus,NT,S,Helicostylis pedunculata,Moraceae,N,F,I,NA,4,5,12,Julliot 1996
Alouatta seniculus,NT,S,Mouriri crassifolia,Melastomataceae,N,F,I,3.5,5.4,11.73333333,12,Julliot 1996
Alouatta seniculus,NT,S,Micropholis obscura,Sapotaceae,N,F,I,1,7.1,16.5,12,Julliot 1996
Alouatta seniculus,NT,S,Pourouma tomentosa,Urticaceae,N,F,I,1,8.38,11.28,12,Julliot 1996
Alouatta seniculus,NT,S,Drypetes variabilis,Putranjivaceae,N,F,I,1,9.65,11,12,Julliot 1996
Alouatta seniculus,NT,S,Chrysophyllum prieurii,Sapotaceae,N,F,I,3,17,45,12,Julliot 1996
Alouatta seniculus,NT,S,Dendrobangia boliviana,Metteniusaceae,N,F,I,1,NA,10,12,Julliot 1996
Alouatta seniculus,NT,S,Pouteria ambelaniifolia,Sapotaceae,N,F,I,1.5,NA,21.626,12,Julliot 1996
Alouatta seniculus,NT,S,Micropholis cayennensis,Sapotaceae,N,F,I,NA,NA,NA,12,Julliot 1996
Alouatta seniculus,NT,S,Parahancornia fasciculata,Apocynaceae,N,F,I,NA,6.6,31.75,13,Julliot 1997
Alouatta seniculus,NT,S,Virola michelii,Myristicaceae,N,F,D,1,14.20133333,16.664,13,Julliot 1997
Alouatta seniculus,NT,S,Pouteria torta,Sapotaceae,N,F,I,2.768421053,7.380952381,36.71875,13,Julliot 1997
Alouatta seniculus,NT,S,Quiina obovata,Quiinaceae,N,F,I,NA,NA,NA,13,Julliot 1997
Alouatta seniculus,NT,S,Minquartia guianensis,Olacaceae,N,F,I,NA,12,NA,13,Julliot 1997
Alouatta seniculus,NT,S,Chrysophyllum lucentifolium,Sapotaceae,N,F,I,4.01,12.05714286,57,13,Julliot 1997
Alouatta seniculus,NT,S,Guatteria ferruginea,Annonaceae,N,F,I,NA,4.64516129,5.5,14,Obregón 2007
Alouatta seniculus,NT,S,Xylopia polyantha,Annonaceae,N,D,I,2,5.308961039,NA,14,Obregón 2007
Alouatta seniculus,NT,S,Protium heptaphyllum,Burseraceae,N,F,D,NA,6.4,15.4,14,Obregón 2007
Alouatta seniculus,NT,S,Pera arborea,Peraceae,N,F,I,NA,6.677419355,10,14,Obregón 2007
Alouatta seniculus,NT,S,Trattinnickia aspera,Burseraceae,N,F,D,NA,9,9.14586364,14,Obregón 2007
Alouatta seniculus,NT,S,Manilkara huberi,Sapotaceae,N,F,I,1.490196078,13.03071594,33,15,Ratiarison 2011
Alouatta seniculus,NT,S,Manilkara bidentata,Sapotaceae,N,F,I,1.099074074,13.08691983,31.62857143,15,Ratiarison 2011
Alouatta seniculus,NT,S,Virola michelii,Myristicaceae,N,F,D,1,14.20133333,16.664,16,Regan 2001
Alouatta seniculus,NT,S,Chrysophyllum lucentifolium,Sapotaceae,N,F,I,4.01,12.05714286,57,16,Regan 2001
Alouatta seniculus,NT,S,Brosimum guianensis,Moraceae,N,F,I,1.833333333,6.5,15.6125,16,Regan 2001
Alouatta seniculus,NT,S,Pouteria guianensis,Sapotaceae,N,F,I,2.941176471,7.727272727,36.47058824,16,Regan 2001
Alouatta seniculus,NT,S,Inga gracilifolia,Leguminosae,N,F,I,NA,8.9,18.4,16,Regan 2001
Alouatta seniculus,NT,S,Ecclinusa ramiflora,Sapotaceae,N,F,I,NA,11.2,57.7,16,Regan 2001
Alouatta seniculus,NT,S,Theobroma subincanum,Malvaceae,N,F,I,29.58333333,14.83333333,80.83333333,16,Regan 2001
Alouatta seniculus,NT,S,Lacmellea acida,Apocynaceae,N,F,I,NA,NA,NA,16,Regan 2001
Alouatta seniculus,NT,S,Tapirira obtusa,Anacardiaceae,N,F,I,NA,NA,NA,16,Regan 2001
Alouatta seniculus,NT,S,Pouteria laevigata,Sapotaceae,N,F,I,4,21.78695652,35.608,16,Regan 2001
Alouatta seniculus,NT,S,Tetragastris panamensis,Burseraceae,N,F,D,5.5,8.4,36.45,16,Regan 2001
Alouatta seniculus,NT,S,Pouteria egregia,Sapotaceae,N,F,I,1,10.1,18.56666667,16,Regan 2001
Alouatta seniculus,NT,S,Moutabea guianensis,Polygalaceae,N,F,I,NA,17.9,13,16,Regan 2001
Alouatta seniculus,NT,S,Iryanthera sagotiana,Myristicaceae,N,F,D,1,21.9,23.86666667,16,Regan 2001
Alouatta seniculus,NT,S,Bagassa guianensis,Moraceae,N,F,I,NA,NA,19.16666667,16,Regan 2001
Alouatta seniculus,NT,S,Ficus nymphaeifolia,Moraceae,N,F,I,350,1,23,16,Regan 2001
Alouatta seniculus,NT,S,Helicostylis pedunculata,Moraceae,N,F,I,NA,4,5,16,Regan 2001
Alouatta seniculus,NT,S,Mouriri crassifolia,Melastomataceae,N,F,I,3.5,5.4,11.73333333,16,Regan 2001
Alouatta seniculus,NT,S,Micropholis obscura,Sapotaceae,N,F,I,1,7.1,16.5,16,Regan 2001
Alouatta seniculus,NT,S,Pourouma tomentosa,Urticaceae,N,F,I,1,8.38,11.28,16,Regan 2001
Alouatta seniculus,NT,S,Drypetes variabilis,Putranjivaceae,N,F,I,1,9.65,11,16,Regan 2001
Alouatta seniculus,NT,S,Chrysophyllum prieurii,Sapotaceae,N,F,I,3,17,45,16,Regan 2001
Alouatta seniculus,NT,S,Dendrobangia boliviana,Metteniusaceae,N,F,I,1,NA,10,16,Regan 2001
Alouatta seniculus,NT,S,Pouteria ambelaniifolia,Sapotaceae,N,F,I,1.5,NA,21.626,16,Regan 2001
Alouatta seniculus,NT,S,Micropholis cayennensis,Sapotaceae,N,F,I,NA,NA,NA,16,Regan 2001
Alouatta seniculus,NT,S,Rollinia edulis,Annonaceae,N,F,I,17.5,4.256973684,21.3,17,Santos-Heredia 2010
Alouatta seniculus,NT,S,Clarisia racemosa,Moraceae,N,F,I,1,12.71538462,16.58333333,18,Santos-Heredia 2011
Alouatta seniculus,NT,S,Pseudolmedia laevis ,Moraceae,N,F,I,1,5.398780488,9.642857143,18,Santos-Heredia 2011
Alouatta seniculus,NT,S,Ficus insipida,Moraceae,N,F,I,119.3548387,1.4,24.02061856,19,Stevenson 2002
Alouatta seniculus,NT,S,Guapira cuspidata,Nyctaginaceae,N,F,I,1,5.5,8.071428571,19,Stevenson 2002
Alouatta seniculus,NT,S,Inga cylindrica,Leguminosae,N,F,I,8,7.65,18.1111111,19,Stevenson 2002
Alouatta seniculus,NT,S,Inga acreana,Leguminosae,N,F,I,7.872727273,7.795454545,25,19,Stevenson 2002
Alouatta seniculus,NT,S,Coccoloba densifrons,Polygonaceae,N,F,I,1,8.242857143,13,19,Stevenson 2002
Alouatta seniculus,NT,S,Pseudolmedia laevis ,Moraceae,N,F,I,1,5.398780488,9.642857143,19,Stevenson 2002
Alouatta seniculus,NT,S,Castilla ulei,Moraceae,N,F,I,6.242857143,8.5,35.76666667,19,Stevenson 2002
Alouatta seniculus,NT,S,Coccoloba densifrons,Polygonaceae,N,F,I,1,8.242857143,13,20,Yumoto 1999
Alouatta seniculus,NT,S,Pseudolmedia laevis ,Moraceae,N,F,I,1,5.398780488,9.642857143,20,Yumoto 1999
Alouatta seniculus,NT,S,Castilla ulei,Moraceae,N,F,I,6.242857143,8.5,35.76666667,20,Yumoto 1999
Alouatta seniculus,NT,S,Perebea xanthochyma,Moraceae,N,F,I,2.571428571,5.164285714,13.72142857,20,Yumoto 1999
Alouatta seniculus,NT,S,Pseudolmedia laevigata,Moraceae,N,F,I,1,5.389583333,10.3,20,Yumoto 1999
Alouatta seniculus,NT,S,Protium robustum,Burseraceae,N,F,D,2.85,6.271428571,25.8,20,Yumoto 1999
Alouatta seniculus,NT,S,Perebea mollis,Moraceae,N,F,I,13.71428571,6.677083333,26.8,20,Yumoto 1999
Alouatta seniculus,NT,S,Pourouma bicolor,Urticaceae,N,F,I,1,7.447916667,11.91666667,20,Yumoto 1999
Cerdocyon thous,NT,S,Guazuma ulmifolia,Sterculiaceae,N,D,D,48,1.5,17.83870968,1,Bianchi 2014
Cerdocyon thous,NT,S,Harrisia bonplandii,Cactaceae,N,F,D,749,1.8,42.5,1,Bianchi 2014
Cerdocyon thous,NT,S,Protium heptaphyllum,Burseraceae,N,F,D,NA,6.4,15.4,1,Bianchi 2014
Cerdocyon thous,NT,S,Byrsonima orbignyana,Malpighiaceae,N,F,I,NA,7,12.1,1,Bianchi 2014
Cerdocyon thous,NT,S,Vitex cymosa,Lamiaceae,N,F,I,1,8.453513514,16.53666667,1,Bianchi 2014
Cerdocyon thous,NT,S,Genipa americana,Rubiaceae,N,F,I,172.2857143,9.2,63.26388889,1,Bianchi 2014
Cerdocyon thous,NT,S,Copernicia alba,Arecaceae,N,D,I,1,9.264705882,16.4,1,Bianchi 2014
Cerdocyon thous,NT,S,Mouriri elliptica,Melastomataceae,N,F,I,3,11.88114754,27.31333333,1,Bianchi 2014
Cerdocyon thous,NT,S,Hymenaea stigonocarpa,Fabaceae,N,F,I,NA,12.684,17.4,1,Bianchi 2014
Cerdocyon thous,NT,S,Acrocomia aculeata,Arecaceae,N,D,I,1,23.8,30.06395349,1,Bianchi 2014
Cerdocyon thous,NT,S,Allagoptera leucocalyx,Arecaceae,N,D,I,NA,NA,31.7,1,Bianchi 2014
Cerdocyon thous,NT,S,Annona cornifolia,Annonaceae,N,F,I,40.5,NA,NA,1,Bianchi 2014
Cerdocyon thous,NT,S,Annona dioica,Annonaceae,N,F,I,NA,NA,75.1,1,Bianchi 2014
Cerdocyon thous,NT,S,Diospyros hispida,Ebenaceae,N,F,I,7.75,5.29,42.3,1,Bianchi 2014
Cerdocyon thous,NT,S,Bromelia balansae,Bromeliaceae,N,F,I,23.40909091,NA,20,1,Bianchi 2014
Cerdocyon thous,NT,S,Diospyros hispida,Ebenaceae,N,F,I,7.75,5.29,42.3,2,Jacomo 2004
Cerdocyon thous,NT,S,Bromelia balansae,Bromeliaceae,N,F,I,23.40909091,NA,20,2,Jacomo 2004
Cerdocyon thous,NT,S,Parinari obtusifolia,Chrysobalanaceae,N,F,I,1,NA,20,2,Jacomo 2004
Cerdocyon thous,NT,S,Hovenia dulcis,Rhamnaceae,I,F,I,3,3.225,5.572413793,3,Lima 2015
Cerdocyon thous,NT,S,Bromelia balansae,Bromeliaceae,N,F,I,23.40909091,NA,20,4,Neto 2016
Didelphis marsupialis,NT,S,Mauritia flexuosa,Arecaceae,N,F,I,1,36.66666667,36.42056075,1,Acevedo-Quintero 2016
Didelphis marsupialis,NT,S,Micropholis guyanensis ,Sapotaceae,N,F,I,1.5,8.583333333,17,2,Andresen 2001
Didelphis marsupialis,NT,S,Phytelephas aequatorialis,Arecaceae,N,F,I,5.320519836,31.867,26.48133333,3,Escobar 2020
Didelphis marsupialis,NT,S,Cecropia obtusifolia,Urticaceae,N,F,I,2792,1.125,5.7,4,Medellin 1994
Lagothrix lagothricha,T,S,Sorocea steinbachii,Moraceae,N,F,I,1,5,10.5,1,Angarita 2002
Lagothrix lagothricha,T,S,Protium crenatum,Burseraceae,N,F,D,1.433333333,8.727272727,20,1,Angarita 2002
Lagothrix lagothricha,T,S,Pereskia aculeata,Cactaceae,N,F,I,2.33333333,6,23.1,1,Angarita 2002
Lagothrix lagothricha,T,S,Perebea mollis,Moraceae,N,F,I,13.71428571,6.677083333,26.8,1,Angarita 2002
Lagothrix lagothricha,T,S,Ficus americana,Moraceae,N,F,I,114.9411765,0.958333333,14.81842105,1,Angarita 2002
Lagothrix lagothricha,T,S,Matisia obliquifolia,Bombacaceae,N,F,I,5,NA,19.1,2,Dew 2001
Lagothrix lagothricha,T,S,Prunus debilis,Rosaceae,N,F,I,NA,NA,18.455,2,Dew 2001
Lagothrix lagothricha,T,S,Leonia glycycarpa,Violaceae,N,F,I,19.61363636,8.761363636,52.5,2,Dew 2001
Lagothrix lagothricha,T,S,Pourouma bicolor,Urticaceae,N,F,I,1,7.447916667,11.91666667,2,Dew 2001
Lagothrix lagothricha,T,S,Spondias mombin,Anacardiaceae,N,F,I,1.357142857,16.35714286,25,2,Dew 2001
Lagothrix lagothricha,T,S,Clarisia racemosa,Moraceae,N,F,I,1,12.71538462,16.58333333,2,Dew 2001
Lagothrix lagothricha,T,S,Bellucia grossularioides,Melastomataceae,N,F,I,NA,0.741666667,14.16666667,3,Echeverry 2020
Lagothrix lagothricha,T,S,Xylopia polyantha,Annonaceae,N,D,I,2,5.308961039,NA,3,Echeverry 2020
Lagothrix lagothricha,T,S,Protium heptaphyllum,Burseraceae,N,F,D,NA,6.4,15.4,3,Echeverry 2020
Lagothrix lagothricha,T,S,Protium rhoifolium,Burseraceae,N,F,D,1.5,7.85,20,3,Echeverry 2020
Lagothrix lagothricha,T,S,Dipteryx micrantha,Fabaceae,N,F,I,1,29.2962963,29.39215685,3,Echeverry 2020
Lagothrix lagothricha,T,S,Souroubea guianensis,Marcgraviaceae,N,F,D,NA,NA,NA,3,Echeverry 2020
Lagothrix lagothricha,T,S,Couma macrocarpa,Apocynaceae,N,F,I,11.35483871,8.747368421,63.33333333,3,Echeverry 2020
Lagothrix lagothricha,T,S,Byrsonima crispa,Malpighiaceae,N,F,I,1,8.05,11,3,Echeverry 2020
Lagothrix lagothricha,T,S,Virola elongata,Myristicaceae,N,F,D,1,5.173684211,11.65,3,Echeverry 2020
Lagothrix lagothricha,T,S,Sarcaulus brasiliensis ,Sapotaceae,N,F,I,1,9.888888889,20,3,Echeverry 2020
Lagothrix lagothricha,T,S,Hyeronima alchorneoides,Phyllanthaceae,N,F,I,1,2,4.410810811,3,Echeverry 2020
Lagothrix lagothricha,T,S,Inga alba,Leguminosae,N,F,I,10.171875,6.269886364,12.5,3,Echeverry 2020
Lagothrix lagothricha,T,S,Cecropia sciadophylla,Urticaceae,N,F,I,1950,1.157142857,15,3,Echeverry 2020
Lagothrix lagothricha,T,S,Jacaratia digitata,Caricaceae,N,F,I,206,3.75,45,3,Echeverry 2020
Lagothrix lagothricha,T,S,Protium glabrescens,Burseraceae,N,F,D,1.217438272,6.361111111,12,3,Echeverry 2020
Lagothrix lagothricha,T,S,Pseudolmedia laevis ,Moraceae,N,F,I,1,5.398780488,9.642857143,3,Echeverry 2020
Lagothrix lagothricha,T,S,Clarisia racemosa,Moraceae,N,F,I,1,12.71538462,16.58333333,3,Echeverry 2020
Lagothrix lagothricha,T,S,Paullinia obovata,Sapindaceae,N,F,D,2.704166668,7.541666667,30.68181818,4,Gonzales 2014
Lagothrix lagothricha,T,S,Couma macrocarpa,Apocynaceae,N,F,I,11.35483871,8.747368421,63.33333333,4,Gonzalez 2014
Lagothrix lagothricha,T,S,Hebepetalum humiriifolium,Linaceae,N,F,I,5,0.75,6.25,4,Gonzalez 2014
Lagothrix lagothricha,T,S,Hieronyma oblonga,Phyllanthaceae,I,F,I,1,2.85,4,4,Gonzalez 2014
Lagothrix lagothricha,T,S,Pseudolmedia rigida,Moraceae,N,F,I,NA,3.5,5.5,4,Gonzalez 2014
Lagothrix lagothricha,T,S,Chrysophyllum amazonicum,Sapotaceae,N,F,I,NA,4,20.1,4,Gonzalez 2014
Lagothrix lagothricha,T,S,Touroulia amazonica,Ochnaceae,N,F,I,NA,4,17,4,Gonzalez 2014
Lagothrix lagothricha,T,S,Naucleopsis ulei,Moraceae,N,F,I,NA,4.468421053,37.5,4,Gonzalez 2014
Lagothrix lagothricha,T,S,Odontocarya tripetala,Menispermaceae,N,F,I,1,5.55,6.458333333,4,Gonzalez 2014
Lagothrix lagothricha,T,S,Theobroma obovatum,Malvaceae,N,F,I,14.5,5.815571429,44.55,4,Gonzalez 2014
Lagothrix lagothricha,T,S,Moutabea aculeata,Polygalaceae,N,F,I,NA,6.05,39.7,4,Gonzalez 2014
Lagothrix lagothricha,T,S,Tontelea mauritioides,Hippocrateaceae,N,F,I,4,7,13.70008696,4,Gonzalez 2014
Lagothrix lagothricha,T,S,Guatteria insculpta,Annonaceae,N,F,I,NA,7,8.5,4,Gonzalez 2014
Lagothrix lagothricha,T,S,Pouteria guianensis,Sapotaceae,N,F,I,2.941176471,7.727272727,36.47058824,4,Gonzalez 2014
Lagothrix lagothricha,T,S,Maripa janusiana,Convolvulaceae,N,F,I,1,8,12.5,4,Gonzalez 2014
Lagothrix lagothricha,T,S,Protium apiculatum,Burseraceae,N,F,D,NA,8,21.45,4,Gonzalez 2014
Lagothrix lagothricha,T,S,Dialium gianense,Fabaceae,N,D,I,1.083333333,8.1875,11.044,4,Gonzalez 2014
Lagothrix lagothricha,T,S,Virola sebifera,Myristicaceae,N,F,D,1,8.333333333,13,4,Gonzalez 2014
Lagothrix lagothricha,T,S,Odontocarya petiolaris,Menispermaceae,N,F,I,NA,8.55,14,4,Gonzalez 2014
Lagothrix lagothricha,T,S,Inga tenuistipula,Leguminosae,N,F,I,15,9.4,28.5,4,Gonzalez 2014
Lagothrix lagothricha,T,S,Guatteria decurrens,Annonaceae,N,F,I,NA,9.5,9.5,4,Gonzalez 2014
Lagothrix lagothricha,T,S,Garcinia madruno,Clusiaceae,N,F,I,2,9.9,33.633,4,Gonzalez 2014
Lagothrix lagothricha,T,S,Pouteria campanulata,Sapotaceae,N,F,I,1,9.945,21.00166667,4,Gonzalez 2014
Lagothrix lagothricha,T,S,Strychnos panurensis,Loganiaceae,N,D,D,1.833333333,9.95,12.94,4,Gonzalez 2014
Lagothrix lagothricha,T,S,Buchenavia grandis,Combretaceae,N,F,I,1,11.18214286,18,4,Gonzalez 2014
Lagothrix lagothricha,T,S,Strychnos amazonica,Loganiaceae,N,F,I,NA,11.25,18.45833333,4,Gonzalez 2014
Lagothrix lagothricha,T,S,Talisia obovata,Sapindaceae,N,F,I,1,11.3015,10.37675,4,Gonzalez 2014
Lagothrix lagothricha,T,S,Minquartia guianensis,Olacaceae,N,F,I,NA,12,NA,4,Gonzalez 2014
Lagothrix lagothricha,T,S,Cheiloclinium hippocrateoides,Celastraceae,N,F,D,3,12.26666667,21.43333333,4,Gonzalez 2014
Lagothrix lagothricha,T,S,Dicranostyles ampla,Convolvulaceae,N,D,I,1,12.5,14.33333333,4,Gonzalez 2014
Lagothrix lagothricha,T,S,Peritassa laevigata,Celastraceae,N,F,D,3,13,31.005,4,Gonzalez 2014
Lagothrix lagothricha,T,S,Parkia multijuga,Fabaceae,N,D,I,21,13.6,110,4,Gonzalez 2014
Lagothrix lagothricha,T,S,Virola pavonis,Myristicaceae,N,F,D,1,14.03025,19,4,Gonzalez 2014
Lagothrix lagothricha,T,S,Guarea glabra,Meliaceae,N,D,D,NA,15,20,4,Gonzalez 2014
Lagothrix lagothricha,T,S,Pacouria guianensis,Apocynaceae,N,F,I,5,15.7,110,4,Gonzalez 2014
Lagothrix lagothricha,T,S,Maquira calophylla,Moraceae,N,F,I,NA,16.7,50,4,Gonzalez 2014
Lagothrix lagothricha,T,S,Tontelea attenuata,Hippocrateaceae,N,F,I,3.5,18.3,32.1125,4,Gonzalez 2014
Lagothrix lagothricha,T,S,Pouteria laevigata,Sapotaceae,N,F,I,4,21.78695652,35.608,4,Gonzalez 2014
Lagothrix lagothricha,T,S,Dicranostyles holostyla,Convolvulaceae,N,D,I,NA,NA,14.5,4,Gonzalez 2014
Lagothrix lagothricha,T,S,Mendoncia glomerata,Acanthaceae,N,D,D,NA,NA,6.011111111,4,Gonzalez 2014
Lagothrix lagothricha,T,S,Mendoncia pedunculata,Acanthaceae,N,D,D,NA,NA,NA,4,Gonzalez 2014
Lagothrix lagothricha,T,S,Coccoloba excelsa,Polygonaceae,N,F,I,1,NA,6.416666667,4,Gonzalez 2014
Lagothrix lagothricha,T,S,Iryanthera crassifolia,Myristicaceae,N,F,D,1,NA,19.95,4,Gonzalez 2014
Lagothrix lagothricha,T,S,Pourouma guianensis,Urticaceae,N,F,I,1,NA,17.07407407,4,Gonzalez 2014
Lagothrix lagothricha,T,S,Pouteria aubrevillei,Sapotaceae,N,F,I,1,NA,NA,4,Gonzalez 2014
Lagothrix lagothricha,T,S,Pouteria vernicosa,Sapotaceae,N,F,I,1,NA,32.351,4,Gonzalez 2014
Lagothrix lagothricha,T,S,Roucheria schomburgkii,Linaceae,N,F,I,1,NA,NA,4,Gonzalez 2014
Lagothrix lagothricha,T,S,Salacia elliptica,Celastraceae,N,F,D,2,NA,42.76470588,4,Gonzalez 2014
Lagothrix lagothricha,T,S,Phyllanthus attenuatus,Phyllanthaceae,N,F,I,4,NA,4.168272727,4,Gonzalez 2014
Lagothrix lagothricha,T,S,Alibertia edulis,Rubiaceae,N,F,I,35,NA,30,4,Gonzalez 2014
Lagothrix lagothricha,T,S,Buchenavia amazonia,Combretaceae,N,F,I,NA,NA,9.5,4,Gonzalez 2014
Lagothrix lagothricha,T,S,Buchenavia parvifolia,Combretaceae,N,F,I,NA,NA,10.75,4,Gonzalez 2014
Lagothrix lagothricha,T,S,Byrsonima arthropoda,Malpighiaceae,N,F,I,NA,NA,10.31666667,4,Gonzalez 2014
Lagothrix lagothricha,T,S,Byrsonima cowanii,Malpighiaceae,N,F,I,NA,NA,NA,4,Gonzalez 2014
Lagothrix lagothricha,T,S,Calyptranthes multiflora,Myrtaceae,N,F,I,NA,NA,6.266666667,4,Gonzalez 2014
Lagothrix lagothricha,T,S,Crepidospermum prancei,Burseraceae,N,F,D,NA,NA,NA,4,Gonzalez 2014
Lagothrix lagothricha,T,S,Curarea toxicofera,Menispermaceae,N,F,I,NA,NA,12,4,Gonzalez 2014
Lagothrix lagothricha,T,S,Guatteria foliosa,Annonaceae,N,F,I,NA,NA,9,4,Gonzalez 2014
Lagothrix lagothricha,T,S,Heisteria duckei,Olacaceae,N,F,I,NA,NA,NA,4,Gonzalez 2014
Lagothrix lagothricha,T,S,Lacmellea ramosissima,Apocynaceae,N,F,I,NA,NA,9.4934,4,Gonzalez 2014
Lagothrix lagothricha,T,S,Micropholis venulosa,Sapotaceae,N,F,I,NA,NA,11.06666667,4,Gonzalez 2014
Lagothrix lagothricha,T,S,Neea robusta,Nyctaginaceae,N,F,I,NA,NA,10,4,Gonzalez 2014
Lagothrix lagothricha,T,S,Odontocarya emarginata,Menispermaceae,N,F,I,NA,NA,13.6,4,Gonzalez 2014
Lagothrix lagothricha,T,S,Pleurisanthes emarginata,Icacinaceae,N,F,I,NA,NA,NA,4,Gonzalez 2014
Lagothrix lagothricha,T,S,Protium amazonicum,Burseraceae,N,F,D,NA,NA,12.73333333,4,Gonzalez 2014
Lagothrix lagothricha,T,S,Protium ferrugineum,Burseraceae,N,F,D,NA,NA,15.26833333,4,Gonzalez 2014
Lagothrix lagothricha,T,S,Protium llanorum,Burseraceae,N,F,D,NA,NA,11.05,4,Gonzalez 2014
Lagothrix lagothricha,T,S,Protium opacum,Burseraceae,N,F,D,NA,NA,15.02,4,Gonzalez 2014
Lagothrix lagothricha,T,S,Roucheria columbiana,Linaceae,N,F,I,NA,NA,NA,4,Gonzalez 2014
Lagothrix lagothricha,T,S,Solanum barbeyanum,Solanaceae,N,F,I,NA,NA,NA,4,Gonzalez 2014
Lagothrix lagothricha,T,S,Sorocea pubivena,Moraceae,N,F,I,NA,NA,NA,4,Gonzalez 2014
Lagothrix lagothricha,T,S,Souroubea bicolor,Marcgraviaceae,N,F,D,NA,NA,NA,4,Gonzalez 2014
Lagothrix lagothricha,T,S,Telitoxicum krukovii,Menispermaceae,N,F,I,NA,NA,NA,4,Gonzalez 2014
Lagothrix lagothricha,T,S,Telitoxicum minutiflorum,Menispermaceae,N,F,I,NA,NA,17,4,Gonzalez 2014
Lagothrix lagothricha,T,S,Virola duckei,Myristicaceae,N,F,D,NA,NA,20,4,Gonzalez 2014
Lagothrix lagothricha,T,S,Vismia macrophylla,Hypericaceae,N,F,I,NA,NA,7.522222222,4,Gonzalez 2014
Lagothrix lagothricha,T,S,Batocarpus orinocensis,Moraceae,N,F,I,20,9.107142857,45.85,4,Gonzalez 2014
Lagothrix lagothricha,T,S,Virola elongata,Myristicaceae,N,F,D,1,5.173684211,11.65,4,Gonzalez 2014
Lagothrix lagothricha,T,S,Inga thibaudiana,Leguminosae,N,F,I,16.03174603,4.8,18.75,4,Gonzalez 2014
Lagothrix lagothricha,T,S,Eugenia florida,Myrtaceae,N,F,I,1.5,5,3.9,4,Gonzalez 2014
Lagothrix lagothricha,T,S,Tapirira guianensis,Anacardiaceae,N,F,I,1,5.171428571,7.916666667,4,Gonzalez 2014
Lagothrix lagothricha,T,S,Inga marginata,Leguminosae,N,F,I,10.22727273,7.352272727,12.5,4,Gonzalez 2014
Lagothrix lagothricha,T,S,Pouteria cuspidata,Sapotaceae,N,F,I,1.071428571,10.62,20.53333333,4,Gonzalez 2014
Lagothrix lagothricha,T,S,Perebea xanthochyma,Moraceae,N,F,I,2.571428571,5.164285714,13.72142857,4,Gonzalez 2014
Lagothrix lagothricha,T,S,Hyeronima alchorneoides,Phyllanthaceae,N,F,I,1,2,4.410810811,4,Gonzalez 2014
Lagothrix lagothricha,T,S,Inga edulis,Leguminosae,N,F,I,14.64035088,14.99665179,13.125,4,Gonzalez 2014
Lagothrix lagothricha,T,S,Helicostylis tomentosa,Moraceae,N,F,I,12.13712121,6.125,25,4,Gonzalez 2014
Lagothrix lagothricha,T,S,Pourouma bicolor,Urticaceae,N,F,I,1,7.447916667,11.91666667,4,Gonzalez 2014
Lagothrix lagothricha,T,S,Cecropia sciadophylla,Urticaceae,N,F,I,1950,1.157142857,15,4,Gonzalez 2014
Lagothrix lagothricha,T,S,Hymenaea oblongifolia,Fabaceae,N,F,I,1.290909091,11,25.5,4,Gonzalez 2014
Lagothrix lagothricha,T,S,Inga acreana,Leguminosae,N,F,I,7.872727273,7.795454545,25,4,Gonzalez 2014
Lagothrix lagothricha,T,S,Brosimum lactescens,Moraceae,N,F,I,1.45530303,8.924528302,15,4,Gonzalez 2014
Lagothrix lagothricha,T,S,Crepidospermum rhoifolium,Burseraceae,N,F,D,1.428571429,7.242857143,14.2,4,Gonzalez 2014
Lagothrix lagothricha,T,S,Theobroma subincanum,Malvaceae,N,F,I,29.58333333,14.83333333,80.83333333,4,Gonzalez 2014
Lagothrix lagothricha,T,S,Pouteria reticulata,Sapotaceae,N,F,I,1.92,10.67045455,13.5,4,Gonzalez 2014
Lagothrix lagothricha,T,S,Iriartea deltoidea,Arecaceae,N,D,I,1,23.38114754,32.25,4,Gonzalez 2014
Lagothrix lagothricha,T,S,Clarisia racemosa,Moraceae,N,F,I,1,12.71538462,16.58333333,4,Gonzalez 2014
Lagothrix lagothricha,T,S,Rollinia dolichopetala,Annonaceae,N,F,I,NA,3.7488,21.25,5,Ramirez 2013
Lagothrix lagothricha,T,S,Cecropia angustifolia,Urticaceae,N,F,I,1086,0.796,9.225,5,Ramirez 2013
Lagothrix lagothricha,T,S,Hedyosmum cuatrecazanum,Chloranthaceae,N,F,I,5,2.75,8.183333333,5,Ramirez 2013
Lagothrix lagothricha,T,S,Cissus trianae,Vitaceae,N,F,I,3,4.3,4.405660377,5,Ramirez 2013
Lagothrix lagothricha,T,S,Sapium stylare,Euphorbiaceae,N,D,D,3,5,10.89075,5,Ramirez 2013
Lagothrix lagothricha,T,S,Anomospermum reticulatum,Menispermaceae,N,F,I,NA,22.5,11.15,5,Ramirez 2013
Lagothrix lagothricha,T,S,Vismia mandur,Hypericaceae,N,F,I,74,NA,9.533333333,5,Ramirez 2013
Lagothrix lagothricha,T,S,Saurauia brachybotrys,Actinidiaceae,N,F,I,152,NA,8.825,5,Ramirez 2013
Lagothrix lagothricha,T,S,Cecropia telenitida,Urticaceae,N,F,I,NA,NA,14.16,5,Ramirez 2013
Lagothrix lagothricha,T,S,Ficus lehmannii,Moraceae,N,F,I,NA,NA,5.263,5,Ramirez 2013
Lagothrix lagothricha,T,S,Guettarda hirsuta,Rubiaceae,N,F,I,NA,NA,4.5,5,Ramirez 2013
Lagothrix lagothricha,T,S,Hyeronima huilense,Euphorbiaceae,N,F,I,NA,NA,NA,5,Ramirez 2013
Lagothrix lagothricha,T,S,Morus insignis,Moraceae,N,F,I,NA,NA,2.5,5,Ramirez 2013
Lagothrix lagothricha,T,S,Casearia macrocarpa,Salicaceae,I,F,D,4,4.809090909,15.16,5,Ramirez 2013
Lagothrix lagothricha,T,S,Cecropia angustifolia,Urticaceae,N,F,I,1086,0.796,9.225,6,Ramirez 2014
Lagothrix lagothricha,T,S,Hedyosmum cuatrecazanum,Chloranthaceae,N,F,I,5,2.75,8.183333333,6,Ramirez 2014
Lagothrix lagothricha,T,S,Cissus trianae,Vitaceae,N,F,I,3,4.3,4.405660377,6,Ramirez 2014
Lagothrix lagothricha,T,S,Sapium stylare,Euphorbiaceae,N,D,D,3,5,10.89075,6,Ramirez 2014
Lagothrix lagothricha,T,S,Anomospermum reticulatum,Menispermaceae,N,F,I,NA,22.5,11.15,6,Ramirez 2014
Lagothrix lagothricha,T,S,Vismia mandur,Hypericaceae,N,F,I,74,NA,9.533333333,6,Ramirez 2014
Lagothrix lagothricha,T,S,Saurauia brachybotrys,Actinidiaceae,N,F,I,152,NA,8.825,6,Ramirez 2014
Lagothrix lagothricha,T,S,Cecropia telenitida,Urticaceae,N,F,I,NA,NA,14.16,6,Ramirez 2014
Lagothrix lagothricha,T,S,Ficus lehmannii,Moraceae,N,F,I,NA,NA,5.263,6,Ramirez 2014
Lagothrix lagothricha,T,S,Guettarda hirsuta,Rubiaceae,N,F,I,NA,NA,4.5,6,Ramirez 2014
Lagothrix lagothricha,T,S,Hyeronima huilense,Euphorbiaceae,N,F,I,NA,NA,NA,6,Ramirez 2014
Lagothrix lagothricha,T,S,Morus insignis,Moraceae,N,F,I,NA,NA,2.5,6,Ramirez 2014
Lagothrix lagothricha,T,S,Cecropia mutisiana,Urticaceae,N,F,I,NA,NA,2.618918919,6,Ramirez 2014
Lagothrix lagothricha,T,S,Ficus mutisii,Moraceae,N,F,I,NA,NA,8.81725,6,Ramirez 2014
Lagothrix lagothricha,T,S,Casearia macrocarpa,Salicaceae,I,F,D,4,4.809090909,15.16,6,Ramirez 2014
Lagothrix lagothricha,T,S,Batocarpus orinocensis,Moraceae,N,F,I,20,9.107142857,45.85,7,Stevenson 1997
Lagothrix lagothricha,T,S,Clitoria javitensis,Fabaceae,N,D,I,15,9.45,23.3,7,Stevenson 1997
Lagothrix lagothricha,T,S,Enterolobium cyclocarpum,Fabaceae,N,D,I,13,15,91.8,7,Stevenson 1997
Lagothrix lagothricha,T,S,Cissus sicyoides ,Vitaceae,N,F,I,1,3.5,3.936842105,7,Stevenson 1997
Lagothrix lagothricha,T,S,Mendoncia odorata,Acanthaceae,N,D,D,1,8.075,13.5,7,Stevenson 1997
Lagothrix lagothricha,T,S,Cissus microcarpa,Vitaceae,N,F,I,NA,NA,7,7,Stevenson 1997
Lagothrix lagothricha,T,S,Hyeronima alchorneoides,Phyllanthaceae,N,F,I,1,2,4.410810811,7,Stevenson 1997
Lagothrix lagothricha,T,S,Gustavia hexapetala,Lecythidaceae,N,D,D,9.442857143,10,47.5,7,Stevenson 1997
Lagothrix lagothricha,T,S,Helicostylis tomentosa,Moraceae,N,F,I,12.13712121,6.125,25,7,Stevenson 1997
Lagothrix lagothricha,T,S,Pourouma bicolor,Urticaceae,N,F,I,1,7.447916667,11.91666667,7,Stevenson 1997
Lagothrix lagothricha,T,S,Cecropia sciadophylla,Urticaceae,N,F,I,1950,1.157142857,15,7,Stevenson 1997
Lagothrix lagothricha,T,S,Protium glabrescens,Burseraceae,N,F,D,1.217438272,6.361111111,12,7,Stevenson 1997
Lagothrix lagothricha,T,S,Pseudolmedia laevigata,Moraceae,N,F,I,1,5.389583333,10.3,7,Stevenson 1997
Lagothrix lagothricha,T,S,Inga cylindrica,Leguminosae,N,F,I,8,7.65,18.1111111,7,Stevenson 1997
Lagothrix lagothricha,T,S,Pourouma minor,Urticaceae,N,F,I,1,9.921875,14.16666667,7,Stevenson 1997
Lagothrix lagothricha,T,S,Protium crenatum,Burseraceae,N,F,D,1.433333333,8.727272727,20,8,Stevenson 2000
Lagothrix lagothricha,T,S,Leonia glycycarpa,Violaceae,N,F,I,19.61363636,8.761363636,52.5,8,Stevenson 2000
Lagothrix lagothricha,T,S,Cissus sicyoides ,Vitaceae,N,F,I,1,3.5,3.936842105,8,Stevenson 2000
Lagothrix lagothricha,T,S,Ficus pertusa,Moraceae,N,F,I,53.83647505,0.75,9.381818182,8,Stevenson 2000
Lagothrix lagothricha,T,S,Ficus usiacurina,Moraceae,N,F,I,1104,0.98,24,8,Stevenson 2000
Lagothrix lagothricha,T,S,Souroubea sympetala ,Marcgraviaceae,N,F,D,19.3111111,1.65,18,8,Stevenson 2000
Lagothrix lagothricha,T,S,Coussapoa villosa,Urticaceae,N,F,I,160,1.9,24.2,8,Stevenson 2000
Lagothrix lagothricha,T,S,Trichostigma octandra,Phytolaccaceae,N,F,I,1,3.3,6,8,Stevenson 2000
Lagothrix lagothricha,T,S,Dendropanax caucanus,Araliaceae,N,F,I,4.344444445,4.05,10,8,Stevenson 2000
Lagothrix lagothricha,T,S,Passiflora involucrata,Passifloraceae,N,F,I,285,4.5,45,8,Stevenson 2000
Lagothrix lagothricha,T,S,Guatteria punctata,Annonaceae,N,F,I,1,4.925,8,8,Stevenson 2000
Lagothrix lagothricha,T,S,Trichilia micrantha ,Meliaceae,N,D,D,1,5,4.5,8,Stevenson 2000
Lagothrix lagothricha,T,S,Rollinia mucosa ,Annonaceae,N,F,I,92,5,100,8,Stevenson 2000
Lagothrix lagothricha,T,S,Celtis schippii,Cannabaceae,N,F,I,1,5.15,8.75,8,Stevenson 2000
Lagothrix lagothricha,T,S,Coccoloba mollis,Polygonaceae,N,F,I,1,5.3,12,8,Stevenson 2000
Lagothrix lagothricha,T,S,Maytenus macrocarpa,Celastraceae,N,F,D,NA,5.4,7,8,Stevenson 2000
Lagothrix lagothricha,T,S,Coccoloba coronata,Polygonaceae,N,F,I,1,5.6,7.0375,8,Stevenson 2000
Lagothrix lagothricha,T,S,Heisteria nitida,Olacaceae,N,F,I,1,6,NA,8,Stevenson 2000
Lagothrix lagothricha,T,S,Ocotea cernua,Lauraceae,N,F,I,1,6,7,8,Stevenson 2000
Lagothrix lagothricha,T,S,Cordia bicolor,Boraginaceae,N,F,I,1,7,8.6,8,Stevenson 2000
Lagothrix lagothricha,T,S,Inga bonplandiana,Leguminosae,N,F,I,7,7.3,20,8,Stevenson 2000
Lagothrix lagothricha,T,S,Pourouma mollis,Urticaceae,N,F,I,1,7.477272727,11.5,8,Stevenson 2000
Lagothrix lagothricha,T,S,Chrysophyllum parvulum,Sapotaceae,N,F,I,1,8.5,10.5,8,Stevenson 2000
Lagothrix lagothricha,T,S,Randia hondensis ,Rubiaceae,N,F,I,45,8.9,22.9125,8,Stevenson 2000
Lagothrix lagothricha,T,S,Paullinia capreolata,Sapindaceae,N,F,D,1,9,13.33333333,8,Stevenson 2000
Lagothrix lagothricha,T,S,Brosimum alicastrum,Moraceae,N,F,I,1,9.730769231,21.16666667,8,Stevenson 2000
Lagothrix lagothricha,T,S,Abuta grandifolia,Menispermaceae,N,F,I,1,9.990909091,13.09636364,8,Stevenson 2000
Lagothrix lagothricha,T,S,Campomanesia speciosa,Myrtaceae,N,F,I,6.5,10,30.91666667,8,Stevenson 2000
Lagothrix lagothricha,T,S,Inga acrocephala ,Leguminosae,N,F,I,15.6888889,11,40,8,Stevenson 2000
Lagothrix lagothricha,T,S,Rhodostemonodaphne synandra,Lauraceae,N,F,I,1,11.5,17,8,Stevenson 2000
Lagothrix lagothricha,T,S,Ocotea oblonga,Lauraceae,N,F,I,1,11.55,13,8,Stevenson 2000
Lagothrix lagothricha,T,S,Ruizodendron ovale ,Annonaceae,N,F,I,1,11.70833333,16.54166667,8,Stevenson 2000
Lagothrix lagothricha,T,S,Endlicheria sericea,Lauraceae,N,F,I,1,15.5,NA,8,Stevenson 2000
Lagothrix lagothricha,T,S,Inga macrophylla ,Leguminosae,N,F,I,18.81132075,17.54761905,34.16666667,8,Stevenson 2000
Lagothrix lagothricha,T,S,Ocotea tomentosa,Lauraceae,N,F,I,NA,NA,NA,8,Stevenson 2000
Lagothrix lagothricha,T,S,Pereskia aculeata,Cactaceae,N,F,I,2.33333333,6,23.1,8,Stevenson 2000
Lagothrix lagothricha,T,S,Perebea mollis,Moraceae,N,F,I,13.71428571,6.677083333,26.8,8,Stevenson 2000
Lagothrix lagothricha,T,S,Byrsonima crispa,Malpighiaceae,N,F,I,1,8.05,11,8,Stevenson 2000
Lagothrix lagothricha,T,S,Virola elongata,Myristicaceae,N,F,D,1,5.173684211,11.65,8,Stevenson 2000
Lagothrix lagothricha,T,S,Paullinia obovata,Sapindaceae,N,F,D,2.704166668,7.541666667,30.68181818,8,Stevenson 2000
Lagothrix lagothricha,T,S,Inga thibaudiana,Leguminosae,N,F,I,16.03174603,4.8,18.75,8,Stevenson 2000
Lagothrix lagothricha,T,S,Eugenia florida,Myrtaceae,N,F,I,1.5,5,3.9,8,Stevenson 2000
Lagothrix lagothricha,T,S,Tapirira guianensis,Anacardiaceae,N,F,I,1,5.171428571,7.916666667,8,Stevenson 2000
Lagothrix lagothricha,T,S,Inga marginata,Leguminosae,N,F,I,10.22727273,7.352272727,12.5,8,Stevenson 2000
Lagothrix lagothricha,T,S,Pouteria cuspidata,Sapotaceae,N,F,I,1.071428571,10.62,20.53333333,8,Stevenson 2000
Lagothrix lagothricha,T,S,Perebea xanthochyma,Moraceae,N,F,I,2.571428571,5.164285714,13.72142857,8,Stevenson 2000
Lagothrix lagothricha,T,S,Mendoncia odorata,Acanthaceae,N,D,D,1,8.075,13.5,8,Stevenson 2000
Lagothrix lagothricha,T,S,Cissus microcarpa,Vitaceae,N,F,I,NA,NA,7,8,Stevenson 2000
Lagothrix lagothricha,T,S,Protium sagotianum ,Burseraceae,N,F,D,2.13525641,7.56875,26.85,8,Stevenson 2000
Lagothrix lagothricha,T,S,Sarcaulus brasiliensis ,Sapotaceae,N,F,I,1,9.888888889,20,8,Stevenson 2000
Lagothrix lagothricha,T,S,Simarouba amara,Simaroubaceae,N,F,I,1,8.075,10.33,8,Stevenson 2000
Lagothrix lagothricha,T,S,Apeiba aspera,Malvaceae,N,D,D,167,1.627272727,42.33333333,8,Stevenson 2000
Lagothrix lagothricha,T,S,Hyeronima alchorneoides,Phyllanthaceae,N,F,I,1,2,4.410810811,8,Stevenson 2000
Lagothrix lagothricha,T,S,Inga alba,Leguminosae,N,F,I,10.171875,6.269886364,12.5,8,Stevenson 2000
Lagothrix lagothricha,T,S,Inga edulis,Leguminosae,N,F,I,14.64035088,14.99665179,13.125,8,Stevenson 2000
Lagothrix lagothricha,T,S,Gustavia hexapetala,Lecythidaceae,N,D,D,9.442857143,10,47.5,8,Stevenson 2000
Lagothrix lagothricha,T,S,Castilla ulei,Moraceae,N,F,I,6.242857143,8.5,35.76666667,8,Stevenson 2000
Lagothrix lagothricha,T,S,Helicostylis tomentosa,Moraceae,N,F,I,12.13712121,6.125,25,8,Stevenson 2000
Lagothrix lagothricha,T,S,Ficus insipida,Moraceae,N,F,I,119.3548387,1.4,24.02061856,8,Stevenson 2000
Lagothrix lagothricha,T,S,Pourouma bicolor,Urticaceae,N,F,I,1,7.447916667,11.91666667,8,Stevenson 2000
Lagothrix lagothricha,T,S,Ficus nymphaeifolia,Moraceae,N,F,I,350,1,23,8,Stevenson 2000
Lagothrix lagothricha,T,S,Cecropia sciadophylla,Urticaceae,N,F,I,1950,1.157142857,15,8,Stevenson 2000
Lagothrix lagothricha,T,S,Genipa americana,Rubiaceae,N,F,I,172.2857143,9.2,63.26388889,8,Stevenson 2000
Lagothrix lagothricha,T,S,Jacaratia digitata,Caricaceae,N,F,I,206,3.75,45,8,Stevenson 2000
Lagothrix lagothricha,T,S,Bursera inversa,Burseraceae,N,D,D,1,12.02857143,14.5,8,Stevenson 2000
Lagothrix lagothricha,T,S,Garcinia macrophylla,Clusiaceae,N,F,I,3.077237654,12.59722222,55.69714286,8,Stevenson 2000
Lagothrix lagothricha,T,S,Spondias mombin,Anacardiaceae,N,F,I,1.357142857,16.35714286,25,8,Stevenson 2000
Lagothrix lagothricha,T,S,Hymenaea oblongifolia,Fabaceae,N,F,I,1.290909091,11,25.5,8,Stevenson 2000
Lagothrix lagothricha,T,S,Inga acreana,Leguminosae,N,F,I,7.872727273,7.795454545,25,8,Stevenson 2000
Lagothrix lagothricha,T,S,Protium glabrescens,Burseraceae,N,F,D,1.217438272,6.361111111,12,8,Stevenson 2000
Lagothrix lagothricha,T,S,Inga stenoptera,Leguminosae,N,F,I,10.34090909,9,17.5,8,Stevenson 2000
Lagothrix lagothricha,T,S,Alibertia hadrantha,Rubiaceae,N,F,I,18.92857143,9,NA,8,Stevenson 2000
Lagothrix lagothricha,T,S,Spondias venulosa ,Anacardiaceae,N,F,I,1,17.6,25,8,Stevenson 2000
Lagothrix lagothricha,T,S,Brosimum lactescens,Moraceae,N,F,I,1.45530303,8.924528302,15,8,Stevenson 2000
Lagothrix lagothricha,T,S,Pseudolmedia laevis ,Moraceae,N,F,I,1,5.398780488,9.642857143,8,Stevenson 2000
Lagothrix lagothricha,T,S,Crepidospermum rhoifolium,Burseraceae,N,F,D,1.428571429,7.242857143,14.2,8,Stevenson 2000
Lagothrix lagothricha,T,S,Henriettella fissanthera,Melastomataceae,N,F,I,86.66666667,0.375,4,8,Stevenson 2000
Lagothrix lagothricha,T,S,Ficus sphenophylla,Moraceae,N,F,I,19,0.75,9.416666667,8,Stevenson 2000
Lagothrix lagothricha,T,S,Ficus trigona,Moraceae,N,F,I,187.2727273,0.875,17.5,8,Stevenson 2000
Lagothrix lagothricha,T,S,Ficus obtusifolia,Moraceae,N,F,I,690.0128205,0.9,24,8,Stevenson 2000
Lagothrix lagothricha,T,S,Ficus andicola,Moraceae,N,F,I,114.9411765,0.958333333,14.81842105,8,Stevenson 2000
Lagothrix lagothricha,T,S,Ficus guianensis,Moraceae,N,F,I,114.9411765,0.958333333,12.3537037,8,Stevenson 2000
Lagothrix lagothricha,T,S,Ficus gomelleira,Moraceae,N,F,I,100,1.208333333,19.28571429,8,Stevenson 2000
Lagothrix lagothricha,T,S,Cecropia engleriana,Urticaceae,N,F,I,1636.285714,1.3,10.41666667,8,Stevenson 2000
Lagothrix lagothricha,T,S,Cestrum racemosum,Solanaceae,N,F,I,5,2.2,4.833333333,8,Stevenson 2000
Lagothrix lagothricha,T,S,Clusia palmicida,Clusiaceae,N,F,D,NA,2.496,36.9,8,Stevenson 2000
Lagothrix lagothricha,T,S,Neea laxa,Nyctaginaceae,N,F,I,1,4,NA,8,Stevenson 2000
Lagothrix lagothricha,T,S,Trichilia pleeana,Meliaceae,N,D,D,1.6,7.166666667,21.11666667,8,Stevenson 2000
Lagothrix lagothricha,T,S,Oxandra mediocris ,Annonaceae,N,D,I,1,7.227272727,10,8,Stevenson 2000
Lagothrix lagothricha,T,S,Pouteria caimito ,Sapotaceae,N,F,I,2.396747968,11.99038462,40.6875,8,Stevenson 2000
Lagothrix lagothricha,T,S,Virola calophylla ,Myristicaceae,N,F,D,1,12.45235149,16.5,8,Stevenson 2000
Lagothrix lagothricha,T,S,Virola peruviana ,Myristicaceae,N,F,D,1,13.925,22.5,8,Stevenson 2000
Lagothrix lagothricha,T,S,Talisia intermedia ,Sapindaceae,N,F,I,1,14.85714286,25.75,8,Stevenson 2000
Lagothrix lagothricha,T,S,Ficus membranacea,Moraceae,N,F,I,NA,NA,11.9855,8,Stevenson 2000
Lagothrix lagothricha,T,S,Ficus americana,Moraceae,N,F,I,114.9411765,0.958333333,14.81842105,8,Stevenson 2000
Lagothrix lagothricha,T,S,Brosimum guianensis,Moraceae,N,F,I,1.833333333,6.5,15.6125,8,Stevenson 2000
Lagothrix lagothricha,T,S,Maripa peruviana,Convolvulaceae,N,F,I,1,9.65,15,8,Stevenson 2000
Lagothrix lagothricha,T,S,Prunus myrtifolia ,Rosaceae,N,F,I,NA,11,9.4,8,Stevenson 2000
Lagothrix lagothricha,T,S,Laetia corymbulosa,Salicaceae,N,F,I,21,2.210055866,12.3,8,Stevenson 2000
Lagothrix lagothricha,T,S,Cecropia membranacea,Urticaceae,N,F,I,3660,1.841666667,4.966666667,8,Stevenson 2000
Lagothrix lagothricha,T,S,Coussapoa orthoneura,Urticaceae,N,F,I,64.10277778,1.15,10,8,Stevenson 2000
Lagothrix lagothricha,T,S,Pourouma petiolulata,Urticaceae,N,F,I,1,7.7375,12.16666667,8,Stevenson 2000
Lagothrix lagothricha,T,S,Virola flexuosa,Myristicaceae,N,F,D,1,12.67142857,19.28333333,8,Stevenson 2000
Lagothrix lagothricha,T,S,Theobroma subincanum,Malvaceae,N,F,I,29.58333333,14.83333333,80.83333333,8,Stevenson 2000
Lagothrix lagothricha,T,S,Coccoloba densifrons,Polygonaceae,N,F,I,1,8.242857143,13,8,Stevenson 2000
Lagothrix lagothricha,T,S,Protium sagotianum ,Burseraceae,N,F,D,2.13525641,7.56875,26.85,9,Stevenson 2002
Lagothrix lagothricha,T,S,Sarcaulus brasiliensis ,Sapotaceae,N,F,I,1,9.888888889,20,9,Stevenson 2002
Lagothrix lagothricha,T,S,Simarouba amara,Simaroubaceae,N,F,I,1,8.075,10.33,9,Stevenson 2002
Lagothrix lagothricha,T,S,Apeiba aspera,Malvaceae,N,D,D,167,1.627272727,42.33333333,9,Stevenson 2002
Lagothrix lagothricha,T,S,Hyeronima alchorneoides,Phyllanthaceae,N,F,I,1,2,4.410810811,9,Stevenson 2002
Lagothrix lagothricha,T,S,Inga alba,Leguminosae,N,F,I,10.171875,6.269886364,12.5,9,Stevenson 2002
Lagothrix lagothricha,T,S,Inga edulis,Leguminosae,N,F,I,14.64035088,14.99665179,13.125,9,Stevenson 2002
Lagothrix lagothricha,T,S,Gustavia hexapetala,Lecythidaceae,N,D,D,9.442857143,10,47.5,9,Stevenson 2002
Lagothrix lagothricha,T,S,Castilla ulei,Moraceae,N,F,I,6.242857143,8.5,35.76666667,9,Stevenson 2002
Lagothrix lagothricha,T,S,Helicostylis tomentosa,Moraceae,N,F,I,12.13712121,6.125,25,9,Stevenson 2002
Lagothrix lagothricha,T,S,Ficus insipida,Moraceae,N,F,I,119.3548387,1.4,24.02061856,9,Stevenson 2002
Lagothrix lagothricha,T,S,Pourouma bicolor,Urticaceae,N,F,I,1,7.447916667,11.91666667,9,Stevenson 2002
Lagothrix lagothricha,T,S,Ficus nymphaeifolia,Moraceae,N,F,I,350,1,23,9,Stevenson 2002
Lagothrix lagothricha,T,S,Cecropia sciadophylla,Urticaceae,N,F,I,1950,1.157142857,15,9,Stevenson 2002
Lagothrix lagothricha,T,S,Pseudolmedia laevigata,Moraceae,N,F,I,1,5.389583333,10.3,9,Stevenson 2002
Lagothrix lagothricha,T,S,Protium sagotianum ,Burseraceae,N,F,D,2.13525641,7.56875,26.85,10,Stevenson 2004
Lagothrix lagothricha,T,S,Simarouba amara,Simaroubaceae,N,F,I,1,8.075,10.33,10,Stevenson 2004
Lagothrix lagothricha,T,S,Apeiba aspera,Malvaceae,N,D,D,167,1.627272727,42.33333333,10,Stevenson 2004
Lagothrix lagothricha,T,S,Hyeronima alchorneoides,Phyllanthaceae,N,F,I,1,2,4.410810811,10,Stevenson 2004
Lagothrix lagothricha,T,S,Inga alba,Leguminosae,N,F,I,10.171875,6.269886364,12.5,10,Stevenson 2004
Lagothrix lagothricha,T,S,Inga edulis,Leguminosae,N,F,I,14.64035088,14.99665179,13.125,10,Stevenson 2004
Lagothrix lagothricha,T,S,Gustavia hexapetala,Lecythidaceae,N,D,D,9.442857143,10,47.5,10,Stevenson 2004
Lagothrix lagothricha,T,S,Castilla ulei,Moraceae,N,F,I,6.242857143,8.5,35.76666667,10,Stevenson 2004
Lagothrix lagothricha,T,S,Helicostylis tomentosa,Moraceae,N,F,I,12.13712121,6.125,25,10,Stevenson 2004
Lagothrix lagothricha,T,S,Pourouma bicolor,Urticaceae,N,F,I,1,7.447916667,11.91666667,10,Stevenson 2004
Lagothrix lagothricha,T,S,Genipa americana,Rubiaceae,N,F,I,172.2857143,9.2,63.26388889,10,Stevenson 2004
Lagothrix lagothricha,T,S,Jacaratia digitata,Caricaceae,N,F,I,206,3.75,45,10,Stevenson 2004
Lagothrix lagothricha,T,S,Bursera inversa,Burseraceae,N,D,D,1,12.02857143,14.5,10,Stevenson 2004
Lagothrix lagothricha,T,S,Garcinia macrophylla,Clusiaceae,N,F,I,3.077237654,12.59722222,55.69714286,10,Stevenson 2004
Lagothrix lagothricha,T,S,Spondias mombin,Anacardiaceae,N,F,I,1.357142857,16.35714286,25,10,Stevenson 2004
Lagothrix lagothricha,T,S,Hymenaea oblongifolia,Fabaceae,N,F,I,1.290909091,11,25.5,10,Stevenson 2004
Lagothrix lagothricha,T,S,Inga acreana,Leguminosae,N,F,I,7.872727273,7.795454545,25,10,Stevenson 2004
Lagothrix lagothricha,T,S,Laetia corymbulosa,Salicaceae,N,F,I,21,2.210055866,12.3,10,Stevenson 2004
Lagothrix lagothricha,T,S,Cecropia membranacea,Urticaceae,N,F,I,3660,1.841666667,4.966666667,10,Stevenson 2004
Lagothrix lagothricha,T,S,Pseudolmedia laevigata,Moraceae,N,F,I,1,5.389583333,10.3,10,Stevenson 2004
Lagothrix lagothricha,T,S,Inga cylindrica,Leguminosae,N,F,I,8,7.65,18.1111111,10,Stevenson 2004
Lagothrix lagothricha,T,S,Protium sagotianum ,Burseraceae,N,F,D,2.13525641,7.56875,26.85,11,Stevenson 2005
Lagothrix lagothricha,T,S,Apeiba aspera,Malvaceae,N,D,D,167,1.627272727,42.33333333,11,Stevenson 2005
Lagothrix lagothricha,T,S,Inga alba,Leguminosae,N,F,I,10.171875,6.269886364,12.5,11,Stevenson 2005
Lagothrix lagothricha,T,S,Inga edulis,Leguminosae,N,F,I,14.64035088,14.99665179,13.125,11,Stevenson 2005
Lagothrix lagothricha,T,S,Gustavia hexapetala,Lecythidaceae,N,D,D,9.442857143,10,47.5,11,Stevenson 2005
Lagothrix lagothricha,T,S,Castilla ulei,Moraceae,N,F,I,6.242857143,8.5,35.76666667,11,Stevenson 2005
Lagothrix lagothricha,T,S,Pourouma bicolor,Urticaceae,N,F,I,1,7.447916667,11.91666667,11,Stevenson 2005
Lagothrix lagothricha,T,S,Jacaratia digitata,Caricaceae,N,F,I,206,3.75,45,11,Stevenson 2005
Lagothrix lagothricha,T,S,Bursera inversa,Burseraceae,N,D,D,1,12.02857143,14.5,11,Stevenson 2005
Lagothrix lagothricha,T,S,Garcinia macrophylla,Clusiaceae,N,F,I,3.077237654,12.59722222,55.69714286,11,Stevenson 2005
Lagothrix lagothricha,T,S,Spondias mombin,Anacardiaceae,N,F,I,1.357142857,16.35714286,25,11,Stevenson 2005
Lagothrix lagothricha,T,S,Hymenaea oblongifolia,Fabaceae,N,F,I,1.290909091,11,25.5,11,Stevenson 2005
Lagothrix lagothricha,T,S,Protium glabrescens,Burseraceae,N,F,D,1.217438272,6.361111111,12,11,Stevenson 2005
Lagothrix lagothricha,T,S,Inga stenoptera,Leguminosae,N,F,I,10.34090909,9,17.5,11,Stevenson 2005
Lagothrix lagothricha,T,S,Alibertia hadrantha,Rubiaceae,N,F,I,18.92857143,9,NA,11,Stevenson 2005
Lagothrix lagothricha,T,S,Spondias venulosa ,Anacardiaceae,N,F,I,1,17.6,25,11,Stevenson 2005
Lagothrix lagothricha,T,S,Brosimum lactescens,Moraceae,N,F,I,1.45530303,8.924528302,15,11,Stevenson 2005
Lagothrix lagothricha,T,S,Pseudolmedia laevis ,Moraceae,N,F,I,1,5.398780488,9.642857143,11,Stevenson 2005
Lagothrix lagothricha,T,S,Crepidospermum rhoifolium,Burseraceae,N,F,D,1.428571429,7.242857143,14.2,11,Stevenson 2005
Lagothrix lagothricha,T,S,Laetia corymbulosa,Salicaceae,N,F,I,21,2.210055866,12.3,11,Stevenson 2005
Lagothrix lagothricha,T,S,Inga cylindrica,Leguminosae,N,F,I,8,7.65,18.1111111,11,Stevenson 2005
Lagothrix lagothricha,T,S,Trichilia tuberculata,Meliaceae,N,D,D,1.75,5.363636364,9,11,Stevenson 2005
Lagothrix lagothricha,T,S,Protium sagotianum ,Burseraceae,N,F,D,2.13525641,7.56875,26.85,12,Stevenson 2007
Lagothrix lagothricha,T,S,Apeiba aspera,Malvaceae,N,D,D,167,1.627272727,42.33333333,12,Stevenson 2007
Lagothrix lagothricha,T,S,Inga alba,Leguminosae,N,F,I,10.171875,6.269886364,12.5,12,Stevenson 2007
Lagothrix lagothricha,T,S,Inga edulis,Leguminosae,N,F,I,14.64035088,14.99665179,13.125,12,Stevenson 2007
Lagothrix lagothricha,T,S,Gustavia hexapetala,Lecythidaceae,N,D,D,9.442857143,10,47.5,12,Stevenson 2007
Lagothrix lagothricha,T,S,Castilla ulei,Moraceae,N,F,I,6.242857143,8.5,35.76666667,12,Stevenson 2007
Lagothrix lagothricha,T,S,Helicostylis tomentosa,Moraceae,N,F,I,12.13712121,6.125,25,12,Stevenson 2007
Lagothrix lagothricha,T,S,Ficus insipida,Moraceae,N,F,I,119.3548387,1.4,24.02061856,12,Stevenson 2007
Lagothrix lagothricha,T,S,Pourouma bicolor,Urticaceae,N,F,I,1,7.447916667,11.91666667,12,Stevenson 2007
Lagothrix lagothricha,T,S,Ficus nymphaeifolia,Moraceae,N,F,I,350,1,23,12,Stevenson 2007
Lagothrix lagothricha,T,S,Cecropia sciadophylla,Urticaceae,N,F,I,1950,1.157142857,15,12,Stevenson 2007
Lagothrix lagothricha,T,S,Bursera inversa,Burseraceae,N,D,D,1,12.02857143,14.5,12,Stevenson 2007
Lagothrix lagothricha,T,S,Garcinia macrophylla,Clusiaceae,N,F,I,3.077237654,12.59722222,55.69714286,12,Stevenson 2007
Lagothrix lagothricha,T,S,Spondias mombin,Anacardiaceae,N,F,I,1.357142857,16.35714286,25,12,Stevenson 2007
Lagothrix lagothricha,T,S,Hymenaea oblongifolia,Fabaceae,N,F,I,1.290909091,11,25.5,12,Stevenson 2007
Lagothrix lagothricha,T,S,Inga acreana,Leguminosae,N,F,I,7.872727273,7.795454545,25,12,Stevenson 2007
Lagothrix lagothricha,T,S,Inga stenoptera,Leguminosae,N,F,I,10.34090909,9,17.5,12,Stevenson 2007
Lagothrix lagothricha,T,S,Alibertia hadrantha,Rubiaceae,N,F,I,18.92857143,9,NA,12,Stevenson 2007
Lagothrix lagothricha,T,S,Spondias venulosa ,Anacardiaceae,N,F,I,1,17.6,25,12,Stevenson 2007
Lagothrix lagothricha,T,S,Brosimum lactescens,Moraceae,N,F,I,1.45530303,8.924528302,15,12,Stevenson 2007
Lagothrix lagothricha,T,S,Henriettella fissanthera,Melastomataceae,N,F,I,86.66666667,0.375,4,12,Stevenson 2007
Lagothrix lagothricha,T,S,Ficus sphenophylla,Moraceae,N,F,I,19,0.75,9.416666667,12,Stevenson 2007
Lagothrix lagothricha,T,S,Ficus trigona,Moraceae,N,F,I,187.2727273,0.875,17.5,12,Stevenson 2007
Lagothrix lagothricha,T,S,Ficus obtusifolia,Moraceae,N,F,I,690.0128205,0.9,24,12,Stevenson 2007
Lagothrix lagothricha,T,S,Ficus andicola,Moraceae,N,F,I,114.9411765,0.958333333,14.81842105,12,Stevenson 2007
Lagothrix lagothricha,T,S,Ficus guianensis,Moraceae,N,F,I,114.9411765,0.958333333,12.3537037,12,Stevenson 2007
Lagothrix lagothricha,T,S,Ficus gomelleira,Moraceae,N,F,I,100,1.208333333,19.28571429,12,Stevenson 2007
Lagothrix lagothricha,T,S,Cecropia engleriana,Urticaceae,N,F,I,1636.285714,1.3,10.41666667,12,Stevenson 2007
Lagothrix lagothricha,T,S,Cestrum racemosum,Solanaceae,N,F,I,5,2.2,4.833333333,12,Stevenson 2007
Lagothrix lagothricha,T,S,Clusia palmicida,Clusiaceae,N,F,D,NA,2.496,36.9,12,Stevenson 2007
Lagothrix lagothricha,T,S,Neea laxa,Nyctaginaceae,N,F,I,1,4,NA,12,Stevenson 2007
Lagothrix lagothricha,T,S,Trichilia pleeana,Meliaceae,N,D,D,1.6,7.166666667,21.11666667,12,Stevenson 2007
Lagothrix lagothricha,T,S,Oxandra mediocris ,Annonaceae,N,D,I,1,7.227272727,10,12,Stevenson 2007
Lagothrix lagothricha,T,S,Pouteria caimito ,Sapotaceae,N,F,I,2.396747968,11.99038462,40.6875,12,Stevenson 2007
Lagothrix lagothricha,T,S,Virola calophylla ,Myristicaceae,N,F,D,1,12.45235149,16.5,12,Stevenson 2007
Lagothrix lagothricha,T,S,Virola peruviana ,Myristicaceae,N,F,D,1,13.925,22.5,12,Stevenson 2007
Lagothrix lagothricha,T,S,Talisia intermedia ,Sapindaceae,N,F,I,1,14.85714286,25.75,12,Stevenson 2007
Lagothrix lagothricha,T,S,Ficus membranacea,Moraceae,N,F,I,NA,NA,11.9855,12,Stevenson 2007
Lagothrix lagothricha,T,S,Ficus americana,Moraceae,N,F,I,114.9411765,0.958333333,14.81842105,12,Stevenson 2007
Lagothrix lagothricha,T,S,Laetia corymbulosa,Salicaceae,N,F,I,21,2.210055866,12.3,12,Stevenson 2007
Lagothrix lagothricha,T,S,Cecropia membranacea,Urticaceae,N,F,I,3660,1.841666667,4.966666667,12,Stevenson 2007
Lagothrix lagothricha,T,S,Coussapoa orthoneura,Urticaceae,N,F,I,64.10277778,1.15,10,12,Stevenson 2007
Lagothrix lagothricha,T,S,Virola flexuosa,Myristicaceae,N,F,D,1,12.67142857,19.28333333,12,Stevenson 2007
Lagothrix lagothricha,T,S,Pseudolmedia laevigata,Moraceae,N,F,I,1,5.389583333,10.3,12,Stevenson 2007
Lagothrix lagothricha,T,S,Inga cylindrica,Leguminosae,N,F,I,8,7.65,18.1111111,12,Stevenson 2007
Lagothrix lagothricha,T,S,Bellucia pentamera,Melastomataceae,N,F,I,500,0.25,17.69583333,12,Stevenson 2007
Lagothrix lagothricha,T,S,Laetia procera,Salicaceae,N,F,I,15,2.25,4.192105263,12,Stevenson 2007
Lagothrix lagothricha,T,S,Pseudolmedia obliqua,Moraceae,N,F,I,1,6,NA,12,Stevenson 2007
Lagothrix lagothricha,T,S,Cayaponia granatensis,Cucurbitaceae,N,F,I,2.092592592,10.375,22.08333333,12,Stevenson 2007
Lagothrix lagothricha,T,S,Pseudomalmea diclina,Annonaceae,N,F,I,1,10.675,17,12,Stevenson 2007
Lagothrix lagothricha,T,S,Swartzia leptopetala,Fabaceae,N,F,D,NA,13.492,22.158,12,Stevenson 2007
Lagothrix lagothricha,T,S,Trichilia tuberculata,Meliaceae,N,D,D,1.75,5.363636364,9,12,Stevenson 2007
Lagothrix lagothricha,T,S,Enterolobium schomburgkii,Fabaceae,N,D,I,7.291666667,4.85,26.66666667,12,Stevenson 2007
Lagothrix lagothricha,T,S,Eugenia nesiotica,Myrtaceae,N,F,I,1.4375,12.81818182,24.5,12,Stevenson 2007
Lagothrix lagothricha,T,S,Socratea exorrhiza,Arecaceae,N,F,I,1,17.48148148,21.66666667,12,Stevenson 2007
Lagothrix lagothricha,T,S,Pouteria procera,Sapotaceae,N,F,I,1,17.5,24.5,12,Stevenson 2007
Lagothrix lagothricha,T,S,Pourouma bicolor,Urticaceae,N,F,I,1,7.447916667,11.91666667,13,Stevenson 2011
Lagothrix lagothricha,T,S,Ficus nymphaeifolia,Moraceae,N,F,I,350,1,23,13,Stevenson 2011
Lagothrix lagothricha,T,S,Cecropia sciadophylla,Urticaceae,N,F,I,1950,1.157142857,15,13,Stevenson 2011
Lagothrix lagothricha,T,S,Brosimum guianensis,Moraceae,N,F,I,1.833333333,6.5,15.6125,13,Stevenson 2011
Lagothrix lagothricha,T,S,Maripa peruviana,Convolvulaceae,N,F,I,1,9.65,15,13,Stevenson 2011
Lagothrix lagothricha,T,S,Prunus myrtifolia ,Rosaceae,N,F,I,NA,11,9.4,13,Stevenson 2011
Lagothrix lagothricha,T,S,Laetia corymbulosa,Salicaceae,N,F,I,21,2.210055866,12.3,13,Stevenson 2011
Lagothrix lagothricha,T,S,Cecropia membranacea,Urticaceae,N,F,I,3660,1.841666667,4.966666667,13,Stevenson 2011
Lagothrix lagothricha,T,S,Coussapoa orthoneura,Urticaceae,N,F,I,64.10277778,1.15,10,13,Stevenson 2011
Lagothrix lagothricha,T,S,Pseudolmedia hirsuta,Moraceae,N,F,I,1,6.6,14,13,Stevenson 2011
Lagothrix lagothricha,T,S,Syagrus sancona,Arecaceae,N,F,I,1,19.54545455,23.16666667,13,Stevenson 2011
Lagothrix lagothricha,T,S,Pouteria reticulata,Sapotaceae,N,F,I,1.92,10.67045455,13.5,13,Stevenson 2011
Lagothrix lagothricha,T,S,Iriartea deltoidea,Arecaceae,N,D,I,1,23.38114754,32.25,13,Stevenson 2011
Lagothrix lagothricha,T,S,Pourouma minor,Urticaceae,N,F,I,1,9.921875,14.16666667,13,Stevenson 2011
Lagothrix lagothricha,T,S,Trichilia tuberculata,Meliaceae,N,D,D,1.75,5.363636364,9,13,Stevenson 2011
Lagothrix lagothricha,T,S,Enterolobium schomburgkii,Fabaceae,N,D,I,7.291666667,4.85,26.66666667,13,Stevenson 2011
Lagothrix lagothricha,T,S,Eugenia nesiotica,Myrtaceae,N,F,I,1.4375,12.81818182,24.5,13,Stevenson 2011
Lagothrix lagothricha,T,S,Socratea exorrhiza,Arecaceae,N,F,I,1,17.48148148,21.66666667,13,Stevenson 2011
Lagothrix lagothricha,T,S,Pouteria procera,Sapotaceae,N,F,I,1,17.5,24.5,13,Stevenson 2011
Lagothrix lagothricha,T,S,Clarisia racemosa,Moraceae,N,F,I,1,12.71538462,16.58333333,13,Stevenson 2011
Lagothrix lagothricha,T,S,Paullinia faginea,Sapindaceae,N,F,D,1,9,16,13,Stevenson 2011
Lagothrix lagothricha,T,S,Perebea xanthochyma,Moraceae,N,F,I,2.571428571,5.164285714,13.72142857,14,Yumoto 1999
Lagothrix lagothricha,T,S,Protium sagotianum ,Burseraceae,N,F,D,2.13525641,7.56875,26.85,14,Yumoto 1999
Lagothrix lagothricha,T,S,Castilla ulei,Moraceae,N,F,I,6.242857143,8.5,35.76666667,14,Yumoto 1999
Lagothrix lagothricha,T,S,Pourouma bicolor,Urticaceae,N,F,I,1,7.447916667,11.91666667,14,Yumoto 1999
Lagothrix lagothricha,T,S,Pseudolmedia laevis ,Moraceae,N,F,I,1,5.398780488,9.642857143,14,Yumoto 1999
Lagothrix lagothricha,T,S,Crepidospermum rhoifolium,Burseraceae,N,F,D,1.428571429,7.242857143,14.2,14,Yumoto 1999
Lagothrix lagothricha,T,S,Pourouma petiolulata,Urticaceae,N,F,I,1,7.7375,12.16666667,14,Yumoto 1999
Lagothrix lagothricha,T,S,Virola flexuosa,Myristicaceae,N,F,D,1,12.67142857,19.28333333,14,Yumoto 1999
Lagothrix lagothricha,T,S,Pseudolmedia laevigata,Moraceae,N,F,I,1,5.389583333,10.3,14,Yumoto 1999
Lagothrix lagothricha,T,S,Clarisia racemosa,Moraceae,N,F,I,1,12.71538462,16.58333333,14,Yumoto 1999
Lagothrix lagothricha,T,S,Protium robustum,Burseraceae,N,F,D,2.85,6.271428571,25.8,14,Yumoto 1999
Lagothrix lagothricha,T,S,Eugenia cribata,Myrtaceae,N,F,I,1,14.2,37.4,14,Yumoto 1999
Lagothrix lagothricha,T,S,Strychnos schultesiana,Loganiaceae,N,D,I,30,16.42857143,68.75,14,Yumoto 1999
Lagothrix lagothricha,T,S,Coccoloba densifrons,Polygonaceae,N,F,I,1,8.242857143,13,14,Yumoto 1999
Lagothrix lagothricha,T,S,Paullinia faginea,Sapindaceae,N,F,D,1,9,16,14,Yumoto 1999
Mazama gouazoubira,NT,L,Mauritia flexuosa,Arecaceae,N,F,I,1,36.66666667,36.42056075,1,Bodmer 1991
Mazama gouazoubira,NT,L,Mauritia flexuosa,Arecaceae,N,F,I,1,36.66666667,36.42056075,2,Bodmer 2006
Metachirus nudicaudatus,NT,S,Solanum buddleiaefolium,Solanaceae,N,F,I,NA,NA,NA,1,Carvalho 2019
Metachirus nudicaudatus,NT,S,Cipocereus minensis,Cactaceae,N,F,D,NA,NA,32.3,1,Carvalho 2019
Metachirus nudicaudatus,NT,S,Clidemia urceolata,Melastomataceae,N,F,I,168.8,0.525,2.1,2,Lessa 2013
Metachirus nudicaudatus,NT,S,Miconia holosericea,Melastomataceae,N,F,I,NA,1.25,6.675,2,Lessa 2013
Metachirus nudicaudatus,NT,S,Cordiera sessilis,Rubiaceae,N,F,I,31.7,NA,20.1,2,Lessa 2013
Metachirus nudicaudatus,NT,S,Psychotria capitata,Rubiaceae,N,F,I,NA,NA,NA,2,Lessa 2013
Metachirus nudicaudatus,NT,S,Psychotria hoffmannseggiana,Rubiaceae,N,F,I,NA,NA,NA,2,Lessa 2013
Metachirus nudicaudatus,NT,S,Cipocereus minensis,Cactaceae,N,F,D,NA,NA,32.3,2,Lessa 2013
Nasua nasua,NT,S,Vassobia breviflora,Solanaceae,N,F,I,37.25173913,1.26,3.141666667,1,Aguiar 2011
Nasua nasua,NT,S,Chorisia speciosa,Bombacaceae,N,D,D,100.59,7.98,78.2,1,Aguiar 2011
Nasua nasua,NT,S,Eriobotrya japonica,Rosaceae,I,F,I,1.82295082,NA,34.69926471,1,Aguiar 2011
Nasua nasua,NT,S,Piper aduncum ,Piperaceae,N,F,I,1,0.746969697,3.25,1,Aguiar 2011
Nasua nasua,NT,S,Morus nigra,Moraceae,I,F,I,NA,NA,NA,1,Aguiar 2011
Nasua nasua,NT,S,Syagrus romanzoffiana,Arecaceae,N,F,I,1,NA,24.17821782,1,Aguiar 2011
Nasua nasua,NT,S,Hovenia dulcis,Rhamnaceae,I,F,I,3,3.225,5.572413793,1,Aguiar 2011
Nasua nasua,NT,S,Casearia lasiophylla,Salicaceae,N,F,D,5,NA,NA,2,Alves-Costa 1998
Nasua nasua,NT,S,Myrcia guajavaefolia,Myrtaceae,N,F,I,2,NA,NA,2,Alves-Costa 1998
Nasua nasua,NT,S,Ficus obtusifolia,Moraceae,N,F,I,690.0128205,0.9,24,2,Alves-Costa 1998
Nasua nasua,NT,S,Passiflora edulis,Passifloraceae,N,F,I,109.5,1.766666667,50.8,2,Alves-Costa 1998
Nasua nasua,NT,S,Miconia flammea,Melastomataceae,N,F,I,1.53125,1.85,3.23,2,Alves-Costa 1998
Nasua nasua,NT,S,Lithraea molleoides,Anacardiaceae,N,F,I,1,3.426666667,6.023166667,2,Alves-Costa 1998
Nasua nasua,NT,S,Cecropia pachystachya,Urticaceae,N,F,I,196.6,1.045866667,11.30980392,2,Alves-Costa 1998
Nasua nasua,NT,S,Guazuma mutamba,Sterculiaceae,N,D,D,48,1.5,17.83870968,2,Alves-Costa 1998
Nasua nasua,NT,S,Piper aduncum ,Piperaceae,N,F,I,1,0.746969697,3.25,3,Alves-Costa 2007
Nasua nasua,NT,S,Casearia lasiophylla,Salicaceae,N,F,D,5,NA,NA,3,Alves-Costa 2007
Nasua nasua,NT,S,Miconia albicans,Melastomataceae,N,F,I,20.44757709,1,5.8,3,Alves-Costa 2007
Nasua nasua,NT,S,Cecropia hololeuca,Urticaceae,N,F,I,NA,1,7.45,3,Alves-Costa 2007
Nasua nasua,NT,S,Cecropia glaziovi,Urticaceae,N,F,I,NA,1.1,NA,3,Alves-Costa 2007
Nasua nasua,NT,S,Ficus insipida,Moraceae,N,F,I,119.3548387,1.4,24.02061856,3,Alves-Costa 2007
Nasua nasua,NT,S,Maclura tinctoria,Moraceae,N,F,I,NA,1.9,31.65,3,Alves-Costa 2007
Nasua nasua,NT,S,Guettarda viburnoides,Rubiaceae,N,F,I,5,3.65,12,3,Alves-Costa 2007
Nasua nasua,NT,S,Senna macranthera,Fabaceae,N,D,D,NA,4.5,6.940909091,3,Alves-Costa 2007
Nasua nasua,NT,S,Styrax ferrugineus,Styracaceae,N,F,I,NA,4.9,7.2,3,Alves-Costa 2007
Nasua nasua,NT,S,Cryptocarya aschersoniana,Lauraceae,N,F,I,1,20,25,3,Alves-Costa 2007
Nasua nasua,NT,S,Guapira graciliflora,Nyctaginaceae,N,F,I,1,NA,4,3,Alves-Costa 2007
Nasua nasua,NT,S,Miconia trianaei,Melastomataceae,N,F,I,20,NA,NA,3,Alves-Costa 2007
Nasua nasua,NT,S,Amaioua guianensis,Rubiaceae,N,F,I,NA,NA,10,3,Alves-Costa 2007
Nasua nasua,NT,S,Vismia brasiliensis,Hypericaceae,N,F,I,NA,NA,10.1,3,Alves-Costa 2007
Nasua nasua,NT,S,Myrcia guajavaefolia,Myrtaceae,N,F,I,2,NA,NA,3,Alves-Costa 2007
Nasua nasua,NT,S,Ficus obtusifolia,Moraceae,N,F,I,690.0128205,0.9,24,3,Alves-Costa 2007
Nasua nasua,NT,S,Passiflora edulis,Passifloraceae,N,F,I,109.5,1.766666667,50.8,3,Alves-Costa 2007
Nasua nasua,NT,S,Miconia flammea,Melastomataceae,N,F,I,1.53125,1.85,3.23,3,Alves-Costa 2007
Nasua nasua,NT,S,Lithraea molleoides,Anacardiaceae,N,F,I,1,3.426666667,6.023166667,3,Alves-Costa 2007
Nasua nasua,NT,S,Cecropia pachystachya,Urticaceae,N,F,I,196.6,1.045866667,11.30980392,3,Alves-Costa 2007
Nasua nasua,NT,S,Guazuma ulmifolia,Sterculiaceae,N,D,D,48,1.5,17.83870968,3,Alves-Costa 2007
Nasua nasua,NT,S,Psidium guajava,Myrtaceae,N,F,I,166.5,6,11,3,Alves-Costa 2007
Nasua nasua,NT,S,Syagrus romanzoffiana,Arecaceae,N,F,I,1,NA,24.17821782,3,Alves-Costa 2007
Nasua nasua,NT,S,Casearia lasiophylla,Salicaceae,N,F,D,5,NA,NA,4,Alves-Costa et al. 2004
Nasua nasua,NT,S,Myrcia guajavaefolia,Myrtaceae,N,F,I,2,NA,NA,4,Alves-Costa et al. 2004
Nasua nasua,NT,S,Ficus obtusifolia,Moraceae,N,F,I,690.0128205,0.9,24,4,Alves-Costa et al. 2004
Nasua nasua,NT,S,Passiflora edulis,Passifloraceae,N,F,I,109.5,1.766666667,50.8,4,Alves-Costa et al. 2004
Nasua nasua,NT,S,Miconia flammea,Melastomataceae,N,F,I,1.53125,1.85,3.23,4,Alves-Costa et al. 2004
Nasua nasua,NT,S,Lithraea molleoides,Anacardiaceae,N,F,I,1,3.426666667,6.023166667,4,Alves-Costa et al. 2004
Nasua nasua,NT,S,Cecropia pachystachya,Urticaceae,N,F,I,196.6,1.045866667,11.30980392,4,Alves-Costa et al. 2004
Nasua nasua,NT,S,Guazuma mutamba,Sterculiaceae,N,D,D,48,1.5,17.83870968,4,Alves-Costa et al. 2004
Nasua nasua,NT,S,Syagrus romanzoffiana,Arecaceae,N,F,I,1,NA,24.17821782,4,Alves-Costa et al. 2004
Nasua nasua,NT,S,Vitex megapotamica,Lamiaceae,N,F,I,NA,5.93,15.87,5,Amaral 2007
Nasua nasua,NT,S,Matayba elaeagnoides,Sapindaceae,N,D,D,3,7,15,5,Amaral 2007
Nasua nasua,NT,S,Gomidesia affinis,Myrtaceae,N,F,I,1,NA,12.5,5,Amaral 2007
Nasua nasua,NT,S,Schinus terebinthifolius,Anacardiaceae,N,F,I,1.24,NA,3.791752577,5,Amaral 2007
Nasua nasua,NT,S,Lantana camara,Verbenaceae,N,F,I,1.75,NA,3.833333333,5,Amaral 2007
Nasua nasua,NT,S,Prunus brasiliensis,Rosaceae,N,F,I,NA,NA,NA,5,Amaral 2007
Nasua nasua,NT,S,Prunus sellowii,Rosaceae,N,F,I,NA,NA,6.246666667,5,Amaral 2007
Nasua nasua,NT,S,Restos vegetais,NA,NA,NA,NA,NA,NA,NA,5,Amaral 2007
Nasua nasua,NT,S,Guazuma ulmifolia,Sterculiaceae,N,D,D,48,1.5,17.83870968,6,Bianchi 2014
Nasua nasua,NT,S,Harrisia bonplandii,Cactaceae,N,F,D,749,1.8,42.5,6,Bianchi 2014
Nasua nasua,NT,S,Diospyros hispida,Ebenaceae,N,F,I,7.75,5.29,42.3,6,Bianchi 2014
Nasua nasua,NT,S,Protium heptaphyllum,Burseraceae,N,F,D,NA,6.4,15.4,6,Bianchi 2014
Nasua nasua,NT,S,Copernicia alba,Arecaceae,N,D,I,1,9.264705882,16.4,6,Bianchi 2014
Nasua nasua,NT,S,Allagoptera leucocalyx,Arecaceae,N,D,I,NA,NA,31.7,6,Bianchi 2014
Nasua nasua,NT,S,Annona dioica,Annonaceae,N,F,I,NA,NA,75.1,6,Bianchi 2014
Nasua nasua,NT,S,Byrsonima orbignyana,Malpighiaceae,N,F,I,NA,7,12.1,6,Bianchi 2014
Nasua nasua,NT,S,Vitex cymosa,Lamiaceae,N,F,I,1,8.453513514,16.53666667,6,Bianchi 2014
Nasua nasua,NT,S,Genipa americana,Rubiaceae,N,F,I,172.2857143,9.2,63.26388889,6,Bianchi 2014
Nasua nasua,NT,S,Mouriri elliptica,Melastomataceae,N,F,I,3,11.88114754,27.31333333,6,Bianchi 2014
Nasua nasua,NT,S,Acrocomia aculeata,Arecaceae,N,D,I,1,23.8,30.06395349,6,Bianchi 2014
Nasua nasua,NT,S,Hancornia speciosa,Apocynaceae,N,F,I,3.971875,NA,29.8,6,Bianchi 2014
Nasua nasua,NT,S,Bromelia balansae,Bromeliaceae,N,F,I,23.40909091,NA,20,6,Bianchi 2014
Nasua nasua,NT,S,Acca sellowiana,Myrtaceae,N,F,I,30,1.380952381,31.4638009,7,Bogoni 2018
Nasua nasua,NT,S,Syagrus romanzoffiana,Arecaceae,N,F,I,1,NA,24.17821782,8,Costa 2004
Nasua nasua,NT,S,Guazuma ulmifolia,Sterculiaceae,N,D,D,48,1.5,17.83870968,9,Donatti 2011
Nasua nasua,NT,S,Byrsonima orbignyana,Malpighiaceae,N,F,I,NA,7,12.1,9,Donatti 2011
Nasua nasua,NT,S,Vitex cymosa,Lamiaceae,N,F,I,1,8.453513514,16.53666667,9,Donatti 2011
Nasua nasua,NT,S,Genipa americana,Rubiaceae,N,F,I,172.2857143,9.2,63.26388889,9,Donatti 2011
Nasua nasua,NT,S,Mouriri elliptica,Melastomataceae,N,F,I,3,11.88114754,27.31333333,9,Donatti 2011
Nasua nasua,NT,S,Acrocomia aculeata,Arecaceae,N,D,I,1,23.8,30.06395349,9,Donatti 2011
Nasua nasua,NT,S,Hancornia speciosa,Apocynaceae,N,F,I,3.971875,NA,29.8,9,Donatti 2011
Nasua nasua,NT,S,Psidium guajava,Myrtaceae,N,F,I,166.5,6,11,10,Ferreira 2013
Nasua nasua,NT,S,Eugenia cerasiflora,Myrtaceae,N,F,I,NA,17.16666667,NA,10,Ferreira 2013
Nasua nasua,NT,S,Lecythis pisonis,Lecythidaceae,N,D,D,22.61538462,25.82307692,152.5142857,10,Ferreira 2013
Nasua nasua,NT,S,Syagrus romanzoffiana,Arecaceae,N,F,I,1,NA,24.17821782,10,Ferreira 2013
Nasua nasua,NT,S,Euterpe edulis,Arecaceae,N,D,I,1,11,13.85185185,11,Galetti 2013
Nasua nasua,NT,S,Syagrus romanzoffiana,Arecaceae,N,F,I,1,NA,24.17821782,12,Hirsch 2009
Nasua nasua,NT,S,Hovenia dulcis,Rhamnaceae,I,F,I,3,3.225,5.572413793,13,Lima 2015
Nasua nasua,NT,S,Bromelia balansae,Bromeliaceae,N,F,I,23.40909091,NA,20,14,Paulino-Neto 2016
Nasua nasua,NT,S,Guazuma ulmifolia,Sterculiaceae,N,D,D,48,1.5,17.83870968,15,Pedrosa 2019
Nasua nasua,NT,S,Syagrus romanzoffiana,Arecaceae,N,F,I,1,NA,24.17821782,15,Pedrosa 2019
Nasua nasua,NT,S,Hymenaea courbaril,Fabaceae,N,F,I,4.428571429,17.85869565,49.43243243,15,Pedrosa 2019
Nasua nasua,NT,S,Araucaria angustifolia,Araucaria,N,D,I,84.62213115,14.89090909,150,16,Pereira 2007
Nasua nasua,NT,S,Citrus sinensis,Rutaceae,I,F,I,NA,4.7,68.05,17,Peris 2017
Nasua nasua,NT,S,Ficus enormis,Moraceae,N,F,I,NA,NA,13.51578947,18,Polettini 2018
Nasua nasua,NT,S,Cecropia pachystachya,Urticaceae,N,F,I,196.6,1.045866667,11.30980392,19,Rucco 2020
Nasua nasua,NT,S,Guazuma ulmifolia,Sterculiaceae,N,D,D,48,1.5,17.83870968,19,Rucco 2020
Nasua nasua,NT,S,Syagrus romanzoffiana,Arecaceae,N,F,I,1,NA,24.17821782,19,Rucco 2020
Nasua nasua,NT,S,Ficus benjamina,Moraceae,I,F,I,NA,0.410526316,14.55,19,Rucco 2020
Nasua nasua,NT,S,Ficus trigona,Moraceae,N,F,I,187.2727273,0.875,17.5,19,Rucco 2020
Nasua nasua,NT,S,Psychotria carthagenesis,Rubiaceae,N,F,I,2,3.523809524,5.761538462,19,Rucco 2020
Nasua nasua,NT,S,Syzygium cumini,Myrtaceae,I,F,I,3,7.05,17.30645161,19,Rucco 2020
Nasua nasua,NT,S,Unonopsis lindmanii,Annonaceae,N,F,I,3,8.55,9.227419355,19,Rucco 2020
Nasua nasua,NT,S,Nectandra cuspidata,Lauraceae,N,F,I,1,9.9,9.208571429,19,Rucco 2020
Nasua nasua,NT,S,Enterolobium contortisiliquum,Fabaceae,N,D,I,NA,17.4,39.1,19,Rucco 2020
Nasua nasua,NT,S,Mauritia flexuosa,Arecaceae,N,F,I,1,36.66666667,36.42056075,19,Rucco 2020
Nasua nasua,NT,S,Buchenavia tomentosa,Combretaceae,N,F,I,1,NA,17.18,19,Rucco 2020
Nasua nasua,NT,S,Ficus calyptroceras,Moraceae,N,F,I,545,NA,13.5,19,Rucco 2020
Nasua nasua,NT,S,Psidium guineensis,Myrtaceae,N,F,I,NA,NA,NA,19,Rucco 2020
Nasua nasua,NT,S,Morus nigra,Moraceae,I,F,I,NA,NA,NA,20,Santos 2006
Nasua nasua,NT,S,Syagrus romanzoffiana,Arecaceae,N,F,I,1,NA,24.17821782,20,Santos 2006
Nasua nasua,NT,S,Hovenia dulcis,Rhamnaceae,I,F,I,3,3.225,5.572413793,20,Santos 2006
Nasua nasua,NT,S,Rauvolfia sellowii,Apocynaceae,N,F,I,NA,3.7,6.3,20,Santos 2006
Pecari tajacu,NT,L,Mauritia flexuosa,Arecaceae,N,F,I,1,36.66666667,36.42056075,1,Bodmer 1991
Pecari tajacu,NT,L,Jessenia bataua,Arecaceae,N,D,I,NA,NA,22.5,1,Bodmer 1991
Pecari tajacu,NT,L,Byrsonima orbignyana,Malpighiaceae,N,F,I,NA,7,12.1,2,Desbiez and Keuroghlian 2009
Pecari tajacu,NT,L,Vitex cymosa,Lamiaceae,N,F,I,1,8.453513514,16.53666667,2,Desbiez and Keuroghlian 2009
Pecari tajacu,NT,L,Annona dioica,Annonaceae,N,F,I,NA,NA,75.1,2,Desbiez and Keuroghlian 2009
Pecari tajacu,NT,L,Pereskia aculeata,Cactaceae,N,F,I,2.33333333,6,23.1,3,Keuroghlian 2008
Pecari tajacu,NT,L,Crepis tectorum,Asteraceae,I,D,I,1,NA,NA,4,Martinez 2017
Pecari tajacu,NT,L,Syagrus romanzoffiana,Arecaceae,N,F,I,1,NA,24.17821782,4,Martinez 2017
Pecari tajacu,NT,L,Opuntia cardiosperma,Cactaceae,N,F,I,NA,NA,NA,4,Martinez 2017
Sapajus apella,NT,S,Micropholis guyanensis ,Sapotaceae,N,F,I,1.5,8.583333333,17,1,Andresen 2001
Sapajus apella,NT,S,Ficus insipida,Moraceae,N,F,I,119.3548387,1.4,24.02061856,2,Aquino 2004
Sapajus apella,NT,S,Virola michelii,Myristicaceae,N,F,D,1,14.20133333,16.664,3,Boissier 2014
Sapajus apella,NT,S,Virola kwatae,Myristicaceae,N,F,D,1,18.2,39.06666667,3,Boissier 2014
Sapajus apella,NT,S,Attalea phalerata,Arecaceae,N,D,I,3.5,7.111111111,31.68283582,4,Choo 2010
Sapajus apella,NT,S,Astrocaryum murumuru,Arecaceae,N,F,I,NA,25,41,4,Choo 2010
Sapajus apella,NT,S,Astrocaryum murumuru,Arecaceae,N,F,I,NA,25,41,5,Cintra 1997
Sapajus apella,NT,S,Ficus insipida,Moraceae,N,F,I,119.3548387,1.4,24.02061856,6,Izar 1999
Sapajus apella,NT,S,Philodendron eximium,Araceae,N,F,I,26,0.1,1,6,Izar 1999
Sapajus apella,NT,S,Philodendron appendiculatum,Araceae,N,F,I,NA,0.53,2.5,6,Izar 1999
Sapajus apella,NT,S,Schlegelia ramizii,Schlegeliaceae,N,F,I,45,1.044444444,8,6,Izar 1999
Sapajus apella,NT,S,Cecropia glaziovi,Urticaceae,N,F,I,NA,1.1,NA,6,Izar 1999
Sapajus apella,NT,S,Philodendron obliquifolium,Araceae,N,F,I,NA,1.335714286,28.3,6,Izar 1999
Sapajus apella,NT,S,Philodendron corcovadense,Araceae,N,F,I,1,1.813333333,6,6,Izar 1999
Sapajus apella,NT,S,Hyeronima alchorneoides,Euphorbiaceae,N,F,I,1,2,4.410810811,6,Izar 1999
Sapajus apella,NT,S,Psychotria mapourioides,Rubiaceae,N,F,I,2,2,5,6,Izar 1999
Sapajus apella,NT,S,Clusia parviflora,Clusiaceae,N,F,D,5,2,5,6,Izar 1999
Sapajus apella,NT,S,Musa velutina,Musaceae,I,F,I,80,2.5,29,6,Izar 1999
Sapajus apella,NT,S,Psychotria suterella,Rubiaceae,N,F,I,2,2.658823529,11,6,Izar 1999
Sapajus apella,NT,S,Monstera adansonii,Araceae,N,F,I,1,5,7.714285714,6,Izar 1999
Sapajus apella,NT,S,Chrysophyllum viride,Sapotaceae,N,F,I,3,5,20,6,Izar 1999
Sapajus apella,NT,S,Rollinia sericea,Annonaceae,N,F,I,NA,5,33,6,Izar 1999
Sapajus apella,NT,S,Sloanea guianensis,Elaeocarpaceae,N,D,D,1,5.981081081,7.857142857,6,Izar 1999
Sapajus apella,NT,S,Heteropsis oblongifolia,Araceae,N,F,I,3.925925926,6.137931034,13.88888889,6,Izar 1999
Sapajus apella,NT,S,Inga semialata,Leguminosae,N,F,I,10.22727273,7.352272727,12.5,6,Izar 1999
Sapajus apella,NT,S,Campomanesia neriiflora,Myrtaceae,N,F,I,9,9,31,6,Izar 1999
Sapajus apella,NT,S,Abuta selloana ,Menispermaceae,N,F,I,1,11,17,6,Izar 1999
Sapajus apella,NT,S,Heisteria silvianii,Olacaceae,N,F,I,1,12,10,6,Izar 1999
Sapajus apella,NT,S,Inga edulis,Leguminosae,N,F,I,14.64035088,14.99665179,13.125,6,Izar 1999
Sapajus apella,NT,S,Cryptocarya moschata,Lauraceae,N,F,I,1,15,20,6,Izar 1999
Sapajus apella,NT,S,Virola bicuhyba,Myristicaceae,N,F,D,1,15,15.74074074,6,Izar 1999
Sapajus apella,NT,S,Hymenaea altissima,Fabaceae,N,F,I,4.428571429,17.85869565,49.43243243,6,Izar 1999
Sapajus apella,NT,S,Endlicheria paniculata,Lauraceae,N,F,I,1,NA,10,6,Izar 1999
Sapajus apella,NT,S,Pourouma guianensis,Urticaceae,N,F,I,1,NA,17.07407407,6,Izar 1999
Sapajus apella,NT,S,Anthurium harrisii,Araceae,N,F,I,2,NA,NA,6,Izar 1999
Sapajus apella,NT,S,Anthurium crassinervium,Araceae,N,F,I,NA,NA,3.8,6,Izar 1999
Sapajus apella,NT,S,Marcgravia polyantha,Marcgraviaceae,N,F,D,NA,NA,15,6,Izar 1999
Sapajus apella,NT,S,Philodendron crassinervium,Araceae,N,F,I,NA,NA,9,6,Izar 1999
Sapajus apella,NT,S,Ficus gomelleira,Moraceae,N,F,I,100,1.208333333,19.28571429,6,Izar 1999
Sapajus apella,NT,S,Posoqueria latifolia,Rubiaceae,N,F,I,1.625,10.97948718,35.74074074,6,Izar 1999
Sapajus apella,NT,S,Strychnos erichsonii,Loganiaceae,N,F,I,5.3,14,28,7,Julien-Laferriere 1999
Sapajus apella,NT,S,Copaifera langsdorfii,Fabaceae,N,D,D,1,8.925925926,14.91428571,8,Manoel 2012
Sapajus apella,NT,S,Ficus gomelleira,Moraceae,N,F,I,100,1.208333333,19.28571429,9,Moura 2007
Sapajus apella,NT,S,Cecropia cinerea,Urticaceae,N,F,I,196.6,1.045866667,11.30980392,9,Moura 2007
Sapajus apella,NT,S,Prockia crucis,Salicaceae,N,F,I,5,2,6.95825,9,Moura 2007
Sapajus apella,NT,S,Bromelia plumieri,Bromeliaceae,N,F,I,69.2,3.483870968,16.46875,9,Moura 2007
Sapajus apella,NT,S,Byrsonima gardneriana,Malpighiaceae,N,F,I,1,5,7.3,9,Moura 2007
Sapajus apella,NT,S,Eugenia punicifolia,Myrtaceae,N,F,I,1,6,6.7,9,Moura 2007
Sapajus apella,NT,S,Ziziphus joazeiro,Rhamnaceae,N,F,I,1,7,NA,9,Moura 2007
Sapajus apella,NT,S,Brosimum alicastrum,Moraceae,N,F,I,1,9.730769231,21.16666667,9,Moura 2007
Sapajus apella,NT,S,Pouteria bapeba,Sapotaceae,N,F,I,1.5,13,31.1,9,Moura 2007
Sapajus apella,NT,S,Copaifera langsdorfii,Fabaceae,N,D,D,1,8.925925926,14.91428571,9,Moura 2007
Sapajus apella,NT,S,Miconia ternatifolia,Melastomataceae,N,F,I,NA,0.8,NA,10,Obregón 2007
Sapajus apella,NT,S,Cecropia sciadophylla,Urticaceae,N,F,I,1950,1.157142857,15,10,Obregón 2007
Sapajus apella,NT,S,Rollinia edulis,Annonaceae,N,F,I,17.5,4.256973684,21.3,10,Obregón 2007
Sapajus apella,NT,S,Doliocarpus multiflorus,Dilleniaceae,N,F,D,1.916666667,4.642857143,11,10,Obregón 2007
Sapajus apella,NT,S,Guatteria ferruginea,Annonaceae,N,F,I,NA,4.64516129,5.5,10,Obregón 2007
Sapajus apella,NT,S,Inga alba,Leguminosae,N,F,I,10.171875,6.269886364,12.5,10,Obregón 2007
Sapajus apella,NT,S,Protium heptaphyllum,Burseraceae,N,F,D,NA,6.4,15.4,10,Obregón 2007
Sapajus apella,NT,S,Cordia nodosa,Boraginaceae,N,F,I,1,7.124324324,15.91428571,10,Obregón 2007
Sapajus apella,NT,S,Norantea guianensis,Marcgraviaceae,N,F,D,1,7.138888889,16.16666667,10,Obregón 2007
Sapajus apella,NT,S,Trattinnickia aspera,Burseraceae,N,F,D,NA,9,9.14586364,10,Obregón 2007
Sapajus apella,NT,S,Manilkara bidentata,Sapotaceae,N,F,I,1.09907407,13.0869198,31.6285714,11,Ratiarison 2011
Sapajus apella,NT,S,Inga thibaudiana,Leguminosae,N,F,I,16.03174603,4.8,18.75,12,Regan 2001
Sapajus apella,NT,S,Brosimum guianensis,Moraceae,N,F,I,1.833333333,6.5,15.6125,12,Regan 2001
Sapajus apella,NT,S,Parahancornia fasciculata,Apocynaceae,N,F,I,NA,6.6,31.75,12,Regan 2001
Sapajus apella,NT,S,Micropholis obscura,Sapotaceae,N,F,I,1,7.1,16.5,12,Regan 2001
Sapajus apella,NT,S,Pouteria torta,Sapotaceae,N,F,I,2.768421053,7.380952381,36.71875,12,Regan 2001
Sapajus apella,NT,S,Pouteria guianensis,Sapotaceae,N,F,I,2.941176471,7.727272727,36.47058824,12,Regan 2001
Sapajus apella,NT,S,Pourouma tomentosa,Urticaceae,N,F,I,1,8.38,11.28,12,Regan 2001
Sapajus apella,NT,S,Tetragastris panamensis,Burseraceae,N,F,D,5.5,8.4,36.45,12,Regan 2001
Sapajus apella,NT,S,Leonia glycycarpa,Violaceae,N,F,I,19.61363636,8.761363636,52.5,12,Regan 2001
Sapajus apella,NT,S,Inga gracilifolia,Leguminosae,N,F,I,NA,8.9,18.4,12,Regan 2001
Sapajus apella,NT,S,Inga rubiginosa,Leguminosae,N,F,I,NA,9,37.9,12,Regan 2001
Sapajus apella,NT,S,Gustavia hexapetala,Lecythidaceae,N,D,D,9.442857143,10,47.5,12,Regan 2001
Sapajus apella,NT,S,Inga pezizifera,Leguminosae,N,F,I,7,10,44.9,12,Regan 2001
Sapajus apella,NT,S,Inga leiocalycina,Leguminosae,N,F,I,9.5,10.58947368,21.25,12,Regan 2001
Sapajus apella,NT,S,Chrysophyllum lucentifolium,Sapotaceae,N,F,I,4.01,12.05714286,57,12,Regan 2001
Sapajus apella,NT,S,Moutabea guianensis,Polygalaceae,N,F,I,NA,17.9,13,12,Regan 2001
Sapajus apella,NT,S,Ludovia lancifolia,Cyclanthaceae,N,D,I,NA,NA,NA,12,Regan 2001
Sapajus apella,NT,S,Dendrobangia boliviana,Metteniusaceae,N,F,I,1,NA,10,12,Regan 2001
Sapajus apella,NT,S,Pouteria ambelaniifolia,Sapotaceae,N,F,I,1.5,NA,21.626,12,Regan 2001
Sapajus apella,NT,S,Ambelania acida,Apocynaceae,N,F,I,NA,NA,32.5,12,Regan 2001
Sapajus apella,NT,S,Bagassa guianensis,Moraceae,N,F,I,NA,NA,19.16666667,12,Regan 2001
Sapajus apella,NT,S,Duroia eriopila,Rubiaceae,N,F,I,NA,NA,NA,12,Regan 2001
Sapajus apella,NT,S,Inga huberi,Leguminosae,N,F,I,NA,NA,40,12,Regan 2001
Sapajus apella,NT,S,Lacmellea aculeata,Apocynaceae,N,F,I,NA,NA,9.3605,12,Regan 2001
Sapajus apella,NT,S,Micropholis cayennensis,Sapotaceae,N,F,I,NA,NA,NA,12,Regan 2001
Sapajus apella,NT,S,Posoqueria latifolia,Rubiaceae,N,F,I,1.625,10.97948718,35.74074074,12,Regan 2001
Sapajus apella,NT,S,Manilkara bidentata,Sapotaceae,N,F,I,1.099074074,13.08691983,31.62857143,12,Regan 2001
Sapajus apella,NT,S,Ecclinusa ramiflora,Sapotaceae,N,F,I,NA,11.2,57.7,12,Regan 2001
Sapajus apella,NT,S,Ecclinusa ramiflora,Sapotaceae,N,F,I,NA,11.2,57.7,13,Roosmalen 2000
Sapajus apella,NT,S,Micropholis caudata,Sapotaceae,N,F,I,1,11,19.5,13,Roosmalen 2000
Sapajus apella,NT,S,Manilkara bidentata,Sapotaceae,N,F,I,1.099074074,13.08691983,31.62857143,14,Sales 2020
Sapajus apella,NT,S,Ziziphus cinnamomum,Rhamnaceae,N,F,I,1,12.8,15.6,15,Zhang 1995
Tapirus terrestris,T,L,Xyris jupicai,Xyridaceae,N,D,D,NA,0.3,NA,1,Barcelos 2013
Tapirus terrestris,T,L,Homolepis aturensis,Poaceae,N,D,I,NA,0.4375,1.3,1,Barcelos 2013
Tapirus terrestris,T,L,Miconia poeppigii,Melastomataceae,N,F,I,NA,0.545,3.1,1,Barcelos 2013
Tapirus terrestris,T,L,Miconia cuspidata,Melastomataceae,N,F,I,40.74,0.587562189,3.277227723,1,Barcelos 2013
Tapirus terrestris,T,L,Ficus clusiifolia,Moraceae,I,F,I,NA,0.7,5,1,Barcelos 2013
Tapirus terrestris,T,L,Piper aduncum ,Piperaceae,N,F,I,1,0.746969697,3.25,1,Barcelos 2013
Tapirus terrestris,T,L,Fimbristylis dichotoma,Cyperaceae,I,D,I,NA,0.770909091,27.1,1,Barcelos 2013
Tapirus terrestris,T,L,Acalypha alopecuroidea,Euphorbiaceae,N,D,D,2,0.9,1.05,1,Barcelos 2013
Tapirus terrestris,T,L,Turnera ulmifolia,Turneraceae,I,D,D,56,1.041666667,NA,1,Barcelos 2013
Tapirus terrestris,T,L,Ficus gomelleira,Moraceae,N,F,I,100,1.208333333,19.28571429,1,Barcelos 2013
Tapirus terrestris,T,L,Borreria latifolia,Rubiaceae,I,D,D,NA,1.25,2.875,1,Barcelos 2013
Tapirus terrestris,T,L,Paspalum conjugatum,Poaceae,N,D,I,1,1.4,1.5,1,Barcelos 2013
Tapirus terrestris,T,L,Scleria melaleuca,Cyperaceae,N,D,I,NA,1.795,1.914285714,1,Barcelos 2013
Tapirus terrestris,T,L,Ananas ananassoides,Bromeliaceae,N,F,I,4.34,2.258064516,68.68,1,Barcelos 2013
Tapirus terrestris,T,L,Guatteria olivacea,Annonaceae,N,F,I,1,4.925,8,1,Barcelos 2013
Tapirus terrestris,T,L,Astrocaryum aculeatum,Arecaceae,N,F,I,NA,6.233333333,45,1,Barcelos 2013
Tapirus terrestris,T,L,Stryphnodendron guianense,Fabaceae,N,D,I,10,6.6,10,1,Barcelos 2013
Tapirus terrestris,T,L,Crepidospermum rhoifolium,Burseraceae,N,F,D,1.428571429,7.242857143,14.2,1,Barcelos 2013
Tapirus terrestris,T,L,Gleasonia uaupensis,Rubiaceae,N,F,I,2,8,14,1,Barcelos 2013
Tapirus terrestris,T,L,Rheedia macrophylla,Clusiaceae,N,F,I,2.943171296,12.15357143,63.29333333,1,Barcelos 2013
Tapirus terrestris,T,L,Astrocaryum jauari,Arecaceae,N,F,I,NA,25,27.74875622,1,Barcelos 2013
Tapirus terrestris,T,L,Lepidagathis alopecuroidea,Acanthaceae,N,D,D,4,NA,NA,1,Barcelos 2013
Tapirus terrestris,T,L,Barcella odora,Arecaceae,N,D,I,NA,NA,25,1,Barcelos 2013
Tapirus terrestris,T,L,Cyperus diffusus,Cyperaceae,I,D,I,NA,NA,0.59,1,Barcelos 2013
Tapirus terrestris,T,L,Cyperus distans,Cyperaceae,N,D,I,NA,NA,NA,1,Barcelos 2013
Tapirus terrestris,T,L,Panicum laxum,Poaceae,N,D,I,NA,NA,NA,1,Barcelos 2013
Tapirus terrestris,T,L,Rhynchospora pubera,Cyperaceae,N,D,I,NA,NA,NA,1,Barcelos 2013
Tapirus terrestris,T,L,Steirachne diandra,Poaceae,N,D,I,NA,NA,NA,1,Barcelos 2013
Tapirus terrestris,T,L,Clidemia hirta,Melastomataceae,N,F,I,405.8064516,NA,3,1,Barcelos 2013
Tapirus terrestris,T,L,Aciotis aequatorialis,Melastomataceae,N,F,D,NA,NA,2.65,1,Barcelos 2013
Tapirus terrestris,T,L,Cecropia purpurascens,Urticaceae,N,F,I,NA,NA,5.933333333,1,Barcelos 2013
Tapirus terrestris,T,L,Clidemia bullosa,Melastomataceae,N,F,I,NA,NA,3.828888889,1,Barcelos 2013
Tapirus terrestris,T,L,Comolia veronicaefolia,Melastomataceae,N,F,I,NA,NA,NA,1,Barcelos 2013
Tapirus terrestris,T,L,Couma utilis,Apocynaceae,N,F,I,NA,NA,18.19,1,Barcelos 2013
Tapirus terrestris,T,L,Emmotum acuminatum,Metteniusaceae,N,F,I,NA,NA,NA,1,Barcelos 2013
Tapirus terrestris,T,L,Ficus krukovii,Moraceae,N,F,I,NA,NA,NA,1,Barcelos 2013
Tapirus terrestris,T,L,Ficus matiziana,Moraceae,N,F,I,NA,NA,11.634,1,Barcelos 2013
Tapirus terrestris,T,L,Mauritiella aculeata,Arecaceae,N,F,I,NA,NA,37.5,1,Barcelos 2013
Tapirus terrestris,T,L,Nepsera aquatica,Melastomataceae,N,F,I,NA,NA,NA,1,Barcelos 2013
Tapirus terrestris,T,L,Piper glandulosissimum,Piperaceae,N,F,I,NA,NA,NA,1,Barcelos 2013
Tapirus terrestris,T,L,Psychotria poeppigiana,Rubiaceae,N,F,I,NA,NA,17.5,1,Barcelos 2013
Tapirus terrestris,T,L,Spermacoce ocymifolia,Rubiaceae,N,F,D,NA,NA,NA,1,Barcelos 2013
Tapirus terrestris,T,L,Tococa bullifera,Melastomataceae,N,F,I,NA,NA,6.1,1,Barcelos 2013
Tapirus terrestris,T,L,Mauritia flexuosa,Arecaceae,N,F,I,1,36.66666667,36.42056075,1,Barcelos 2013
Tapirus terrestris,T,L,Psidium guajava,Myrtaceae,N,F,I,166.5,6,11,1,Barcelos 2013
Tapirus terrestris,T,L,Bellucia grossularioides,Melastomataceae,N,F,I,NA,0.741666667,14.16666667,1,Barcelos 2013
Tapirus terrestris,T,L,Enterolobium schomburgkii,Fabaceae,N,D,I,7.291666667,4.85,26.66666667,1,Barcelos 2013
Tapirus terrestris,T,L,Dimorphandra mollis,Fabaceae,N,D,I,13.60283688,6,31.75,2,Bizerril 2005
Tapirus terrestris,T,L,Mauritia flexuosa,Arecaceae,N,F,I,1,36.66666667,36.42056075,3,Bodmer 1990
Tapirus terrestris,T,L,Mauritia flexuosa,Arecaceae,N,F,I,1,36.66666667,36.42056075,4,Bodmer 1991
Tapirus terrestris,T,L,Jessenia bataua,Arecaceae,N,D,I,NA,NA,22.5,4,Bodmer 1991
Tapirus terrestris,T,L,Hyeronima alchorneoides,Euphorbiaceae,N,F,I,1,2,4.410810811,5,Bueno 2010
Tapirus terrestris,T,L,Campomanesia guaviroba,Myrtaceae,N,F,I,NA,6,17,5,Bueno 2010
Tapirus terrestris,T,L,Cryptocarya mandioccana,Lauraceae,N,F,I,NA,15.2,19,5,Bueno 2010
Tapirus terrestris,T,L,Euterpe edulis,Arecaceae,N,D,I,1,11,13.85185185,5,Bueno 2010
Tapirus terrestris,T,L,Parinari excelsa,Chrysobalanaceae,I,F,I,1,16,25,5,Bueno 2010
Tapirus terrestris,T,L,Hyeronima alchorneoides,Euphorbiaceae,N,F,I,1,2,4.410810811,6,Bueno 2013
Tapirus terrestris,T,L,Campomanesia guaviroba,Myrtaceae,N,F,I,NA,6,17,6,Bueno 2013
Tapirus terrestris,T,L,Cryptocarya mandioccana,Lauraceae,N,F,I,NA,15.2,19,6,Bueno 2013
Tapirus terrestris,T,L,Euterpe edulis,Arecaceae,N,D,I,1,11,13.85185185,6,Bueno 2013
Tapirus terrestris,T,L,Parinari excelsa,Chrysobalanaceae,I,F,I,1,16,25,6,Bueno 2013
Tapirus terrestris,T,L,Hieronyma alchorneoides,Phyllanthaceae,N,F,I,1,2.5,4,6,Bueno 2013
Tapirus terrestris,T,L,Maximiliana maripa,Arecaceae,N,F,I,1.84375,20,27.75,6,Bueno 2013
Tapirus terrestris,T,L,Buchenavia tomentosa,Combretaceae,N,F,I,1,NA,17.18,7,Farias 2015
Tapirus terrestris,T,L,Maximiliana maripa,Arecaceae,N,F,I,1.84375,20,27.75,8,Fragoso 1994
Tapirus terrestris,T,L,Maximiliana maripa,Arecaceae,N,F,I,1.84375,20,27.75,9,Fragoso 1997
Tapirus terrestris,T,L,Mauritia flexuosa,Arecaceae,N,F,I,1,36.66666667,36.42056075,10,Fragoso 2000
Tapirus terrestris,T,L,Maximiliana maripa,Arecaceae,N,F,I,1.84375,20,27.75,10,Fragoso 2000
Tapirus terrestris,T,L,Aechmea rubiginosa,Bromeliaceae,N,F,I,NA,4,20.25,10,Fragoso 2000
Tapirus terrestris,T,L,Cassia moschata,Leguminosae,N,D,D,90,5.633333333,15.41666667,10,Fragoso 2000
Tapirus terrestris,T,L,Anacardium giganteum,Anacardiaceae,N,F,I,1,6,50,10,Fragoso 2000
Tapirus terrestris,T,L,Tetragastris panamensis,Burseraceae,N,F,D,5.5,8.4,36.45,10,Fragoso 2000
Tapirus terrestris,T,L,Genipa americana,Rubiaceae,N,F,I,172.2857143,9.2,63.26388889,10,Fragoso 2000
Tapirus terrestris,T,L,Oenocarpus bacaba,Arecaceae,N,D,I,1,NA,14,10,Fragoso 2000
Tapirus terrestris,T,L,Pradosia surinamensis,Sapotaceae,N,F,I,NA,NA,NA,10,Fragoso 2000
Tapirus terrestris,T,L,Mangifera indica,Anacardiaceae,I,F,I,1,18.5,8,10,Fragoso 2000
Tapirus terrestris,T,L,Spondias mombin,Anacardiaceae,N,F,I,1.357142857,16.35714286,25,10,Fragoso 2000
Tapirus terrestris,T,L,Bagassa guianensis,Moraceae,N,F,I,NA,NA,19.16666667,10,Fragoso 2000
Tapirus terrestris,T,L,Enterolobium schomburgkii,Fabaceae,N,D,I,7.291666667,4.85,26.66666667,10,Fragoso 2000
Tapirus terrestris,T,L,Psidium guajava,Myrtaceae,N,F,I,166.5,6,11,11,Galetti 2001
Tapirus terrestris,T,L,Euterpe edulis,Arecaceae,N,D,I,1,11,13.85185185,11,Galetti 2001
Tapirus terrestris,T,L,Mangifera indica,Anacardiaceae,I,F,I,1,18.5,8,11,Galetti 2001
Tapirus terrestris,T,L,Syagrus romanzoffiana,Arecaceae,N,F,I,1,NA,24.17821782,11,Galetti 2001
Tapirus terrestris,T,L,Copaifera langsdorfii,Fabaceae,N,D,D,1,8.925925926,14.91428571,11,Galetti 2001 
Tapirus terrestris,T,L,Enterolobium contortisiliquum,Fabaceae,N,D,I,NA,17.4,39.1,11,Galetti 2001 
Tapirus terrestris,T,L,Syagrus oleracea,Arecaceae,N,F,I,NA,NA,NA,11,Galetti 2001 
Tapirus terrestris,T,L,Euterpe edulis,Arecaceae,N,D,I,1,11,13.85185185,12,Giombini 2009
Tapirus terrestris,T,L,Syagrus romanzoffiana,Arecaceae,N,F,I,1,NA,24.17821782,12,Giombini 2009
Tapirus terrestris,T,L,Holocalyx balansae,Fabaceae,I,F,I,1.2,NA,17.8,12,Giombini 2009
Tapirus terrestris,T,L,Elephantomene eburnea,Menispermaceae,N,F,I,NA,25,31.2,13,Forget 2005
Tapirus terrestris,T,L,Mauritia flexuosa,Arecaceae,N,F,I,1,36.66666667,36.42056075,14,Mendieta-Aguilar 2015
Tapirus terrestris,T,L,Syagrus romanzoffiana,Arecaceae,N,F,I,1,NA,24.17821782,15,Olmos 1999
Tapirus terrestris,T,L,Bellucia grossularioides,Melastomataceae,N,F,I,NA,0.741666667,14.16666667,16,Paolucci 2019
Tapirus terrestris,T,L,Byrsonima crispa,Malpighiaceae,N,F,I,1,8.05,11,16,Paolucci 2019
Tapirus terrestris,T,L,Emmotum nitens,Metteniusaceae,N,F,I,3,NA,11,16,Paolucci 2019
Tapirus terrestris,T,L,Euterpe edulis,Arecaceae,N,D,I,1,11,13.85185185,17,Rodrigues 1993
Tapirus terrestris,T,L,Virola oleifera,Myristicaceae,N,F,D,1,16,18,17,Rodrigues 1993
Tapirus terrestris,T,L,Mauritia flexuosa,Arecaceae,N,F,I,1,36.66666667,36.42056075,18,Tobler 2010
Tapirus terrestris,T,L,Oenocarpus mapora,Arecaceae,N,D,I,1,14.22727273,12.91666667,18,Tobler 2010
Tapirus terrestris,T,L,Anomospermum reticulatum,Menispermaceae,N,F,I,NA,22.5,11.15,18,Tobler 2010
Tapirus terrestris,T,L,Astrocaryum murumuru,Arecaceae,N,F,I,NA,25,41,18,Tobler 2010
Tayassu pecari,T,L,Byrsonima orbignyana,Malpighiaceae,N,F,I,NA,7,12.1,1,Desbiez and Keuroghlian 2009
Tayassu pecari,T,L,Vitex cymosa,Lamiaceae,N,F,I,1,8.453513514,16.53666667,1,Desbiez and Keuroghlian 2009
Tayassu pecari,T,L,Annona dioica,Annonaceae,N,F,I,NA,NA,75.1,1,Desbiez and Keuroghlian 2009
Tayassu pecari,T,L,Pereskia aculeata,Cactaceae,N,F,I,2.33333333,6,23.1,2,Keuroghlian 2008