Plant Species,Citations
Abuta grandifolia,
Abuta selloana ,
Acalypha alopecuroidea,"Kirkbride, J. H., Jr., Gunn, C. R., & Dallwitz, M. J. (2021, April 12). Family guide for fruits and seeds: descriptions, illustrations, identification, and information retrieval. Retrieved January 24, 2024, from delta-intkey.com"
Acanthococos emensis,
Acca sellowiana,"F. W. Schumacher Co., Inc. (2024). Feijoa sellowiana (1000=.05 oz.). Retrieved January 24, 2024, from https://www.treeshrubseeds.com/specieslist?id=667&ID2=7"
Aciotis aequatorialis,
Acrocomia aculeata,
Aechmea rubiginosa,
Agonandra brasiliensis,
Agonandra silvatica,Tropicos.org. Missouri Botanical Garden. 20 Nov 2024 http://legacy.tropicos.org/Image/100902838 CC-BY-NC-SA
Alchorneopsis floribunda,http://specimens.kew.org/herbarium/K001206125
Alibertia edulis,
Alibertia hadrantha,
Allagoptera leucocalyx,http://specimens.kew.org/herbarium/K000652778
Allophylus mollis,
Aloe aculeata,
Amaioua guianensis,"Mori, S. A. & Prance, G. T. (2024). Taxon details: Couroupita guianensis Aubl. Retrieved January 24, 2024, from https://sweetgum.nybg.org/science/projects/lp/taxon-details/?irn=133473"
Ambelania acida,
Ambrosia tenuifolia,
Anacardium giganteum,
Anacardium spruceanum,
Ananas ananassoides,
Andira surinamensis,
Annona cornifolia,
Annona dioica,
Annona duckei,
Annona haematantha,
Anomospermum reticulatum,Tropicos.org. Missouri Botanical Garden. 23 Jan 2024 http://www.tropicos.org/Image/101332957 Photographer: Illustrator: Álvaro Fernández CC-BY-NC-SA
Anthurium crassinervium,Tropicos.org. Missouri Botanical Garden. 23 Jan 2024 http://www.tropicos.org/Image/101169850 Photographer: MBG CC-BY-NC-SA
Anthurium harrisii,
Apeiba aspera,
Araucaria angustifolia,
Artocarpus heterophyllus,
Astrocaryum aculeatissimum,
Astrocaryum aculeatum,http://specimens.kew.org/herbarium/K000652769
Astrocaryum alatum,
Astrocaryum chambira,
Astrocaryum jauari,
Astrocaryum murumuru,
Astrocaryum paramaca,
Astrocaryum standleyanum,
Attalea butyracea,https://db.fieldmuseum.org/e3f1987b-e739-4e9c-93f8-7cf0ec4a5890. FMNH1823365. Field Museum of Natural History.
Attalea dubia,
Attalea maripa,
Attalea oleifera,
Attalea phalerata,
Avicennia germinans,"Kirkbride, J. H., Jr., Gunn, C. R., & Dallwitz, M. J. (2021, April 12). Family guide for fruits and seeds: descriptions, illustrations, identification, and information retrieval. Retrieved January 24, 2024, from delta-intkey.com"
Bactris acanthocarpa,
Bactris gasipaes,
Bagassa guianensis,
Barcella odora,
Batocarpus orinocensis,"https://db.fieldmuseum.org/61b67d38-c727-471b-b720-49904c9b9ba7. FMNH396737. Field Museum of Natural History.
https://db.fieldmuseum.org/685a1aa1-602e-4151-86f9-3d6fb2800cf7. FMNH2890766. Field Museum of Natural History."
Bellucia grossularioides,
Bellucia pentamera,http://specimens.kew.org/herbarium/K000537018
Bertholletia excelsa,
Bocageopsis multiflora,
Bombax spectabile,https://db.fieldmuseum.org/08f2972d-b8ba-4472-b334-2f9fa37cc4de. FMNH1822751. Field Museum of Natural History.
Borreria latifolia,"Weed Identification and Knowledge in the Tropical and Mediterranean areas (WIKTROP). (n.d.). Spermacoce latifolia Aubl. Retrieved November 22, 2024, from https://portal.wiktrop.org/species/show/360553#description"
Bromelia balansae,
Bromelia plumieri,
Brosimum alicastrum,
Brosimum guianensis,
Brosimum lactescens,
Brosimum parinarioides,
Brosiumum rubescens,
Buchenavia amazonia,
Buchenavia grandis,
Buchenavia oxycarpa,Tropicos.org. Missouri Botanical Garden. 22 Nov 2024 https://tropicos.org/specimen/3178842
Buchenavia parvifolia,
Buchenavia tomentosa,Tropicos.org. Missouri Botanical Garden. 24 Jan 2024 https://tropicos.org/image/100502487
Bursera inversa,
Byrsonima arthropoda,Tropicos.org. Missouri Botanical Garden. 24 Jan 2024 http://www.tropicos.org/Image/86272 CC-BY-NC-SA
Byrsonima cowanii,
Byrsonima crispa,
Byrsonima gardneriana,
Byrsonima orbignyana,
Byrsonima schomburgkiana,
Byrsonima stipulacea,https://db.fieldmuseum.org/01047248-05ad-4a23-a93d-9ce26574b09a. FMNH2907823. Field Museum of Natural History.
Calyptranthes multiflora,http://specimens.kew.org/herbarium/K000330847
Campomanesia guaviroba,
Campomanesia neriiflora,
Campomanesia speciosa,https://db.fieldmuseum.org/555b0a7b-9011-4307-8822-9403877cfbc7. FMNH302798. Field Museum of Natural History.
Carapa guianensis,"Tropicos.org. Missouri Botanical Garden. 10 Dec 2024 http://legacy.tropicos.org/Image/70542 CC-BY-NC-SA
Tropicos.org. Missouri Botanical Garden. 10 Dec 2024 http://legacy.tropicos.org/Image/100507222 Photographer: MBG CC-BY-NC-SA"
Carapa procera,
Carica microcarpa,"https://db.fieldmuseum.org/1baaa98e-6958-4c25-be12-10e5a45d89a8. FMNH326756. Field Museum of Natural History.
Tropicos.org. Missouri Botanical Garden. 10 Dec 2024 http://legacy.tropicos.org/Image/43706 Photographer: MBG CC-BY-NC-SA"
Caryocar brasiliense,
Caryocar glabrum,Tropicos.org. Missouri Botanical Garden. 24 Jan 2024 http://www.tropicos.org/Image/101236567 CC-BY-NC-SA
Casearia lasiophylla,
Casearia macrocarpa,http://specimens.kew.org/herbarium/K000591407
Cassia moschata,"Cassia moschata - Benth. (n.d.). Retrieved December 10, 2024, from https://pfaf.org/user/Plant.aspx?LatinName=Cassia+moschata"
Castilla ulei,
Catostemma fragrans,
Cayaponia granatensis,
Cayaponia ophthalmica,"REFLORA. (n.d.). Brazilian plants: historic rescue and virtual herbarium for knowledge and conservation of the Brazilian flora. Retrieved December 10, 2024, from https://floradobrasil.jbrj.gov.br/reflora/PrincipalUC/PrincipalUC.do;jsessionid=403555A5E10B6B821F29DC4244DFCE60"
Cecropia angustifolia,http://specimens.kew.org/herbarium/K000512348
Cecropia cinerea,
Cecropia engleriana,
Cecropia glaziovi,
Cecropia hololeuca,"http://specimens.kew.org/herbarium/K000512371
http://specimens.kew.org/herbarium/K000512370
http://specimens.kew.org/herbarium/K000973625
http://specimens.kew.org/herbarium/K000973621
http://specimens.kew.org/herbarium/K000973627
http://specimens.kew.org/herbarium/K000973615
http://specimens.kew.org/herbarium/K000973616
http://specimens.kew.org/herbarium/K000973619
http://specimens.kew.org/herbarium/K000973622
http://specimens.kew.org/herbarium/K000973628"
Cecropia membranacea,Tropicos.org. Missouri Botanical Garden. 24 Jan 2024 http://www.tropicos.org/Image/100755841 Photographer: MBG CC-BY-NC-SA
Cecropia mutisiana,https://db.fieldmuseum.org/69381480-594b-46fe-bf56-b222697aaec6. FMNH2933044. Field Museum of Natural History.
Cecropia obtusa,
Cecropia obtusifolia,Tropicos.org. Missouri Botanical Garden. 24 Jan 2024 http://www.tropicos.org/Image/81182 CC-BY-NC-SA
Cecropia pachystachya,
Cecropia purpurascens,https://db.fieldmuseum.org/00fc499f-d633-4742-a721-1f8ef6fa24ec. FMNH277246. Field Museum of Natural History.
Cecropia sciadophylla,
Cecropia telealba,https://db.fieldmuseum.org/167a27eb-8566-4914-a6f2-36d01defe6cc. FMNH277315. Field Museum of Natural History.
Cecropia telenitida,https://db.fieldmuseum.org/d6afc853-1113-42d9-9e39-08f644a9eea5. FMNH2940296. Field Museum of Natural History.
Ceiba pentandra,Tropicos.org. Missouri Botanical Garden. 10 Dec 2024 http://legacy.tropicos.org/Image/4562 Photographer: MBG CC-BY-NC-SA
Celtis schippii,https://db.fieldmuseum.org/d2668dec-2b50-49a6-bfbb-4a0a67d727e1. FMNH318312. Field Museum of Natural History.
Cestrum racemosum,
Cheiloclinium hippocrateoides,"Tropicos.org. Missouri Botanical Garden. 24 Jan 2024 http://www.tropicos.org/Image/100495296 Photographer: Barry Hammel (scan) CC-BY-NC-SA
https://db.fieldmuseum.org/73a01ff3-58a2-4a97-b0b8-c74139f7dd45. FMNH2984830. Field Museum of Natural History."
Chorisia speciosa,
Chrysophyllum amazonicum,"Tropicos.org. Missouri Botanical Garden. 24 Jan 2024 http://www.tropicos.org/Image/100928011 CC-BY-NC-SA
https://db.fieldmuseum.org/c2ed26cd-7cc9-4bdb-aba0-ee1b668d6d0a. FMNH191743. Field Museum of Natural History."
Chrysophyllum argenteum,
Chrysophyllum lucentifolium,
Chrysophyllum manaosense,
Chrysophyllum parvulum,https://db.fieldmuseum.org/2eb41340-fdf7-448b-87d8-08c714145db9. FMNH3059289. Field Museum of Natural History.
Chrysophyllum pomiferum,
Chrysophyllum prieurii,
Chrysophyllum viride,
Cipocereus minensis,
Cissus microcarpa,
Cissus sicyoides ,https://db.fieldmuseum.org/8ba6b575-fe74-49f3-83d0-d3dc36912c6d. FMNH2789640. Field Museum of Natural History.
Cissus trianae,https://db.fieldmuseum.org/722eda35-ee79-4ae8-a644-142565a49a29. FMNH3107921. Field Museum of Natural History.
Citrus sinensis,"Citrus sinensis (L.) Osbeck. (n.d.). Seed Information Database. Retrieved December 10, 2024, from https://ser-sid.org/species/12e64e26-e0ff-4644-90c0-3924d9273796"
Clarisia biflora,
Clarisia iricifolia,
Clarisia racemosa,
Clidemia bullosa,Tropicos.org. Missouri Botanical Garden. 24 Jan 2024 http://www.tropicos.org/Image/191 Photographer: MBG CC-BY-NC-SA
Clidemia hirta,Tropicos.org. Missouri Botanical Garden. 24 Jan 2024 http://www.tropicos.org/Image/100232115 Photographer: MBG CC-BY-NC-SA
Clidemia urceolata,
Clitoria javitensis,"https://db.fieldmuseum.org/29298df1-213f-4d91-9fd1-5426143427d9 . FMNH287933. Field Museum of Natural History.
https://db.fieldmuseum.org/eb93cbee-c793-4388-bf73-103ed415ef97. FMNH393752. Field Museum of Natural History."
Clusia palmicida,"Tropicos.org. Missouri Botanical Garden. 24 Jan 2024 http://www.tropicos.org/Image/101627934 Photographer: MBG CC-BY-NC-SA
Clusia rosea Jacq. (n.d.). Seed Information Database. Retrieved December 10, 2024, from https://ser-sid.org/species/b33ee7ab-673c-41b6-960b-1ded4cb31b9a"
Clusia parviflora,
Coccoloba coronata,http://specimens.kew.org/herbarium/K000578501
Coccoloba densifrons,
Coccoloba excelsa,https://db.fieldmuseum.org/e5cb8c35-8a36-4946-9bb6-7a3ee9d2de68. FMNH3366435. Field Museum of Natural History.
Coccoloba mollis,
Coccoloba parimensis,https://db.fieldmuseum.org/e5cb8c35-8a36-4946-9bb6-7a3ee9d2de68. FMNH3366435. Field Museum of Natural History.
Comolia veronicaefolia,
Conceveiba guianensis,https://db.fieldmuseum.org/15d0eac8-85cd-43a8-a9c1-7d824a5cf6b9. FMNH3839515. Field Museum of Natural History.
Copaifera langsdorfii,Tropicos.org. Missouri Botanical Garden. 24 Jan 2024 http://www.tropicos.org/Image/100452050 Photographer: MBG CC-BY-NC-SA
Copernicia alba,
Cordia bicolor,
Cordia lomatoloba,https://db.fieldmuseum.org/d5536492-4a81-4450-93ac-7e7b51913f24. FMNH3004236. Field Museum of Natural History.
Cordia nodosa,
Cordiera sessilis,Tropicos.org. Missouri Botanical Garden. 25 Jan 2024 http://www.tropicos.org/Image/100540548 Photographer: MBG CC-BY-NC-SA
Couepia uiti,
Couma macrocarpa,
Couma utilis,
Couratari gloriosa,
Coussapoa angustifolia,
Coussapoa latifolia,https://db.fieldmuseum.org/196c14a8-9d84-4aac-8aba-25dc178cb0bf. FMNH2940653. Field Museum of Natural History.
Coussapoa orthoneura,
Coussapoa ovalifolia,
Coussapoa villosa,
Crepidospermum prancei,
Crepidospermum rhoifolium,
Crepis tectorum,
Cryptocarya aschersoniana,
Cryptocarya mandioccana,
Cryptocarya moschata,
Cupania latifolia,https://db.fieldmuseum.org/059adba6-9afd-45cc-bd7f-d101b05dbce3. FMNH399502. Field Museum of Natural History.
Cupania scrobiculata,https://db.fieldmuseum.org/f8db81f9-1720-4bbc-8369-1495154ed58f. FMNH399507. Field Museum of Natural History.
Curarea toxicofera,
Cyclanthus bipartitus,
Cynodon dactylon,
Cyperus diffusus,
Cyperus distans,
Cyperus ferax,
Cyperus polystachyos,"http://specimens.kew.org/herbarium/K000632077
http://specimens.kew.org/herbarium/K000363060"
Davilla aspera,https://db.fieldmuseum.org/f9bb8f94-c6a7-40e7-a96e-dc30cd0bea6d. FMNH3157176. Field Museum of Natural History.
Dendrobangia boliviana,
Dendropanax caucanus,
Dendropanax macrophyllus,Tropicos.org. Missouri Botanical Garden. 04 Feb 2024 https://tropicos.org/image/53503
Desmodium barbatum,
Desmodium incanum,
Dialium gianense,
Dicorynia guianensis,
Dicranostyles ampla,
Dicranostyles guianensis,
Dicranostyles holostyla,
Dimorphandra mollis,
Dioclea virgata,"Dioclea virgata (Rich.) Amshoff var. virgata. (n.d.). Seed Information Database. Retrieved December 12, 2024, from https://ser-sid.org/species/e70b7187-1812-41f7-a461-29228309528b"
Diospyros hispida,https://db.fieldmuseum.org/7c690859-e7e4-4f16-a967-1ed56c75e6ca. FMNH285015. Field Museum of Natural History.
Dipteryx alata,
Dipteryx micrantha,
Dipteryx panamensis,https://db.fieldmuseum.org/be72551a-896a-4d36-8ae4-1365c5d15cbe. FMNH288388. Field Museum of Natural History.
Dolinearpus paruensis,
Doliocarpus multiflorus,
Doliocarpus olivaceus,https://db.fieldmuseum.org/b0248860-fda9-428e-8fe8-b4ae4eb4cea8. FMNH393052. Field Museum of Natural History.
Dorstenia panamensis,
Drypetes variabilis,
Duckeodendron cestroides,
Duguetia surinamensis,https://db.fieldmuseum.org/4ffa3567-af43-4a4f-827b-90e20792de24. FMNH2123915. Field Museum of Natural History.
Dulacia egleri,
Duroia eriopila,
Ecclinusa guianensis,
Ecclinusa lanceolata,
Ecclinusa ramiflora,https://db.fieldmuseum.org/a226d34d-d6a9-4fe9-bc3f-99012cd8793c. FMNH3056028. Field Museum of Natural History.
Echinochloa polystachya,"Tropicos.org. Missouri Botanical Garden. 12 Dec 2024 https://www.tropicos.org/image/61112
Tropicos.org. Missouri Botanical Garden. 12 Dec 2024 http://legacy.tropicos.org/Image/100023204 Photographer: George S. Hinton CC-BY-NC-SA
Pseudechinolaena polystachya (Kunth) Stapf. (n.d.). Seed Information Database. Retrieved December 17, 2024, from https://ser-sid.org/species/22a70486-3a5c-4b34-a17c-cc9f4ccd61f7"
Eclipta prostrata,
Eichhornia crassipes,
Elephantomene eburnea,https://db.fieldmuseum.org/5496f219-4dc2-4cd5-9d28-72f3f8384f39. FMNH3119462. Field Museum of Natural History.
Emmotum acuminatum,
Emmotum nitens,
Endlicheria paniculata,
Endlicheria sericea,
Enterolobium contortisiliquum,
Enterolobium cyclocarpum,https://db.fieldmuseum.org/01429d89-b8b6-4fae-91f3-52eca89c4c6c. FMNH393861. Field Museum of Natural History.
Enterolobium schomburgkii,
Eperua falcata,https://db.fieldmuseum.org/e9c62ef5-5734-4a6d-bddd-263e3cdb5b3d. FMNH288448. Field Museum of Natural History.
Epilobium angustifolium,"Tropicos.org. Missouri Botanical Garden. 12 Dec 2024 http://legacy.tropicos.org/Image/101595177 Photographer: MBG CC-BY-NC-SA
Tropicos.org. Missouri Botanical Garden. 12 Dec 2024 http://legacy.tropicos.org/Image/101595176 Photographer: MBG CC-BY-NC-SA"
Eriobotrya japonica,Tropicos.org. Missouri Botanical Garden. 17 Dec 2024 http://legacy.tropicos.org/Image/83232 Photographer: MBG CC-BY-NC-SA
Eugenia cambucarana,
Eugenia cerasiflora,
Eugenia coffeifolia,https://db.fieldmuseum.org/63c138a9-da45-4665-a25a-bca9da19f0e3. FMNH2385944. Field Museum of Natural History.
Eugenia coloradensis,
Eugenia cribata,
Eugenia florida,https://db.fieldmuseum.org/c677437c-b17d-4404-a64f-c101a82ec158. FMNH2390147. Field Museum of Natural History.
Eugenia multicostata,
Eugenia neoverrucosa,
Eugenia nesiotica,
Eugenia punicifolia,
Euterpe edulis,
Euterpe oleracea,
Euterpe precatoria,
Ficus amazonica,
Ficus americana,
Ficus andicola,
Ficus benjamina,"Ficus benjamina L. (n.d.). Seed Information Database. Retrieved December 12, 2024, from https://ser-sid.org/species/fb7ac859-747c-4bdd-8682-b83de7f401a4
Kirkbride, J. H., Jr., Gunn, C. R., & Dallwitz, M. J. (2021, April 12). Family guide for fruits and seeds: descriptions, illustrations, identification, and information retrieval. Retrieved January 24, 2024, from delta-intkey.com"
Ficus boyacensis,https://db.fieldmuseum.org/34e4a1c7-cd01-4475-b365-01c7d434abda. FMNH300773. Field Museum of Natural History.
Ficus broadwayi,
Ficus calyptroceras,
Ficus clusiifolia,
Ficus cundinamarcensis,
Ficus dendrocida,https://db.fieldmuseum.org/452ee1c2-0ff0-477a-a3e0-ba0523c4ebdd. FMNH300788. Field Museum of Natural History.
Ficus enormis,
Ficus gomelleira,
Ficus guianensis,
Ficus insipida,
Ficus krukovii,
Ficus lehmannii,https://db.fieldmuseum.org/721da1f8-8972-4ba9-a6ce-1953fd495d9d FMNH350124. Field Museum of Natural History.
Ficus matiziana,https://db.fieldmuseum.org/548ada83-0f9e-4e89-ba96-0427ebdc2e67. FMNH2903179. Field Museum of Natural History.
Ficus membranacea,https://db.fieldmuseum.org/d00086d0-97bd-4ff7-b749-6dab07363485. FMNH300959. Field Museum of Natural History.
Ficus mutisii,https://db.fieldmuseum.org/c508524c-4a48-4a8e-910d-755c069951d1. FMNH3377126. Field Museum of Natural History.
Ficus nymphaeifolia,
Ficus obtusifolia,
Ficus pertusa,
Ficus sphenophylla,
Ficus trigona,
Ficus usiacurina,
Fimbristylis dichotoma,"Martin, R. J. (n.d.). Fimbristylis dichotoma (L.) Vahl [Photograph]. Retrieved from https://weedidcambodian.wordpress.com/fimbristylis-dichotoma/
Fimbristylis dichotoma (L.) Vahl. (n.d.). Seed Information Database. Retrieved December 12, 2024, from https://ser-sid.org/species/cccc03ef-c2ad-41d1-86d2-4ef74e1a21bb
Fimbristylis dichotoma (L.) Vahl subsp. dichotoma. (n.d.). Seed Information Database. Retrieved December 12, 2024, from https://ser-sid.org/species/a2dde1ef-e713-4a93-bf48-06ffdd0e043c
Fimbristylis dichotoma (L.) Vahl subsp. depauperata (R.Br.) J.Kern. (n.d.). Seed Information Database. Retrieved December 12, 2024, from https://ser-sid.org/species/9c719d34-2a0c-468f-9754-684e556b92cf"
Garcinia brasiliensis,
Garcinia macrophylla,
Garcinia madruno,https://db.fieldmuseum.org/3a6ec0fa-f490-4d05-8d84-959ff4fb6f1e. FMNH392509. Field Museum of Natural History.
Geissospermum laevis,
Genipa americana,
Gleasonia uaupensis,
Gomidesia affinis,
Goupia glabra,
Guapira cuspidata,
Guapira graciliflora,
Guapira guianensis,
Guarea glabra,
Guarea grandifolia,
Guarea kunthiana,
Guatteria decurrens,
Guatteria ferruginea,
Guatteria foliosa,
Guatteria insculpta,
Guatteria olivacea,
Guatteria punctata,
Guazuma mutamba,
Guazuma ulmifolia,
Guettarda acreana,https://db.fieldmuseum.org/2fa66816-3f55-4625-abdd-4be471a02bb8. FMNH285294. Field Museum of Natural History.
Guettarda hirsuta,
Guettarda viburnoides,
Gustavia hexapetala,
Gustavia superba,
Hancornia speciosa,
Harrisia bonplandii,
Hebepetalum humiriifolium,
Hedyosmum cuatrecazanum,https://db.fieldmuseum.org/01e4ec9c-cb06-469f-a5ab-be5106028b89. FMNH3841578. Field Museum of Natural History.
Heisteria duckei,
Heisteria nitida,
Heisteria silvianii,
Helicostylis pedunculata,
Helicostylis scabra,https://db.fieldmuseum.org/1407d853-8ddb-42f8-a78c-a5c8b1688416. FMNH2907381. Field Museum of Natural History.
Helicostylis tomentosa,
Henriettella fissanthera,
Herrania kanukuensis,
Heteropsis flexuosa,
Heteropsis jenmanii,
Heteropsis oblongifolia,
Hieronyma alchorneoides,
Hieronyma oblonga,
Holocalyx balansae,
Homolepis aturensis,https://db.fieldmuseum.org/849bfc06-1907-4a66-b38a-d1c5974a1e6f. FMNH307758. Field Museum of Natural History.
Hovenia dulcis,http://specimens.kew.org/herbarium/K001038596
Hyeronima alchorneoides,
Hyeronima huilense,
Hymenaea altissima,
Hymenaea courbaril,
Hymenaea oblongifolia,
Hymenaea stigonocarpa,"Tropicos.org. Missouri Botanical Garden. 12 Dec 2024 http://legacy.tropicos.org/Image/100471644 Photographer: MBG CC-BY-NC-SA
https://db.fieldmuseum.org/e70068c4-48fa-4b5e-8b31-e198594d5c9d. FMNH288567. Field Museum of Natural History."
Inga acreana,
Inga acrocephala ,
Inga alba,
Inga bonplandiana, Tropicos.org. Missouri Botanical Garden. 28 Jan 2024 http://www.tropicos.org/Image/100328787 Photographer: MBG CC-BY-NC-SA
Inga cylindrica,
Inga edulis,
Inga gracilifolia,Tropicos.org. Missouri Botanical Garden. 28 Jan 2024 http://www.tropicos.org/Image/100497861 Photographer: MBG CC-BY-NC-SA
Inga huberi,
Inga ingoides,http://specimens.kew.org/herbarium/K001473368
Inga leiocalycina,
Inga macrophylla ,
Inga marginata ,Tropicos.org. Missouri Botanical Garden. 12 Dec 2024 http://legacy.tropicos.org/Image/100498960 Photographer: MBG CC-BY-NC-SA
Inga pezizifera,Tropicos.org. Missouri Botanical Garden. 28 Jan 2024 http://www.tropicos.org/Image/81263 CC-BY-NC-SA
Inga rubiginosa,
Inga semialata,Tropicos.org. Missouri Botanical Garden. 28 Jan 2024 http://www.tropicos.org/Image/100498960 Photographer: MBG CC-BY-NC-SA
Inga stenoptera,
Inga tenuistipula,
Inga thibaudiana,
Iriartea deltoidea,
Iryanthera crassifolia,https://db.fieldmuseum.org/2f035f39-030c-4ec6-a630-e53e0eec8579. FMNH2963138. Field Museum of Natural History.
Iryanthera sagotiana,
Isertia coccinea,https://db.fieldmuseum.org/6866a971-97d2-48f1-a3a9-2a0dcb0afda5. FMNH311289. Field Museum of Natural History.
Jacaratia digitata,
Jacaratia spinosa,
Jessenia bataua,
Joannesia princeps,
Lacmellea acida,
Lacmellea aculeata,https://db.fieldmuseum.org/7c777907-1224-4314-8af3-742f1b508098. FMNH3661856. Field Museum of Natural History.
Lacmellea ramosissima,https://db.fieldmuseum.org/0edf95a2-ea8b-46ba-a7f7-6068f63d6bb4. FMNH3686194. Field Musuem of Natural History.
Laetia corymbulosa,http://specimens.kew.org/herbarium/K000471407
Laetia procera,Tropicos.org. Missouri Botanical Garden. 30 Jan 2024 http://www.tropicos.org/Image/62376 Photographer: MBG CC-BY-NC-SA
Landolphia guianensis,
Lantana camara,Tropicos.org. Missouri Botanical Garden. 30 Jan 2024 http://www.tropicos.org/Image/100420784 Photographer: MBG CC-BY-NC-SA
Lecythis pisonis,
Lecythis pneumatophora,
Lecythis poiteaui,"Jarana amarela (Lecythis poiteaui). (n.d.). ITTO. Retrieved December 13, 2024, from http://www.tropicaltimber.info/specie/jarana-amarela-lecythis-poiteaui/
Taxon details: Lecythis poiteaui O.Berg. (n.d.). New York Botanical Garden. Retrieved December 13, 2024, from https://sweetgum.nybg.org/science/projects/lp/taxon-details/?irn=133681"
Leonia glycycarpa,
Lepidagathis alopecuroidea,
Licania membranacea,https://db.fieldmuseum.org/d5d97b03-712b-44ff-9717-cd07fd7f7580. FMNH3112720. Field Museum of Natural History.
Licania platypus,
Lindera melissifolia,https://db.fieldmuseum.org/f63a6ec9-66c1-4134-942a-6e7d44acc397. FMNH205435. Field Museum of Natural History.
Lithraea molleoides,https://db.fieldmuseum.org/4f995caf-c6cf-4270-ba55-c44538632460. FMNH2901420. Field Museum of Natural History.
Longsdorphia hypogaea,
Ludovia lancifolia,
Maclura tinctoria,"Maclura tinctoria (L.) D.Don ex Steud. (n.d.). Seed Information Database. Retrieved December 13, 2024, from https://ser-sid.org/species/800430b4-9be3-4b73-966e-9148caeccc82"
Macrolobium angustifolium,Tropicos.org. Missouri Botanical Garden. 13 Dec 2024 http://legacy.tropicos.org/Image/100467833 Photographer: MBG CC-BY-NC-SA
Mangifera indica,Tropicos.org. Missouri Botanical Garden. 05 Feb 2024 https://tropicos.org/image/100396639
Manilkara bidentata,
Manilkara huberi,
Maquira calophylla,
Maquira guianensis,"Paton, S. (2003). Maquira guianensis [Photograph]. Retrieved from https://biogeodb.stri.si.edu/bioinformatics/dfm/metas/view/9140"
Marcgravia polyantha,
Maripa janusiana,
Maripa peruviana,
Maripa scandens,https://db.fieldmuseum.org/68c4d720-e13f-48da-ae0e-95d5679a86a5. FMNH283091. Field Museum of Natural History.
Matayba elaeagnoides,
Matisia obliquifolia,https://db.fieldmuseum.org/047d406a-9fdb-43b0-b0f3-8e1fddd199c6. FMNH3360139. Field Museum of Natural History.
Mauritia flexuosa,
Mauritiella aculeata,
Maximiliana maripa,
Maytenus macrocarpa,https://db.fieldmuseum.org/c7ce4e2f-1de8-4413-9592-5c0d387a6026. FMNH259336. Field Museum of Natural History.
Melicoccus lepidopetalus,http://specimens.kew.org/herbarium/K000542758
Mendoncia glomerata,https://db.fieldmuseum.org/198a508d-27a8-4a3b-bc4d-a83d4440b63f. FMNH306882. Field Museum of Natural History.
Mendoncia hoffmannseggiana,
Mendoncia odorata,
Mendoncia pedunculata,
Miconia acuminifera,
Miconia albicans,
Miconia cuspidata,
Miconia flammea,http://specimens.kew.org/herbarium/K000536125
Miconia holosericea,
Miconia poeppigii,
Miconia ternatifolia,
Miconia trianaei,
Micropholis caudata,
Micropholis cayennensis,
Micropholis guyanensis ,
Micropholis melinoniana ,
Micropholis mensalis,
Micropholis obscura,
Micropholis venulosa,https://db.fieldmuseum.org/dc51587e-c369-4fbf-8817-a5e7756cbe09. FMNH3059985. Field Museum of Natural History.
Mimusops coriacea,
Minquartia guianensis,
Monstera adansonii,
Moronobea coccinea,
Morus insignis,
Morus nigra,"Morus nigra L. (n.d.). Seed Information Database. Retrieved December 13, 2024, from https://ser-sid.org/species/9fc1da04-7ca9-4e2c-bd64-d7a7d0af33d4"
Mouriri collocarpa,
Mouriri crassifolia,https://db.fieldmuseum.org/8c37a887-0afc-444a-83fc-52621c3c1c91. FMNH2798706. Field Museum of Natural History.
Mouriri elliptica,
Mouriri nervosa,
Moutabea aculeata,https://db.fieldmuseum.org/5695e40a-7adf-4f07-bff9-167eb0f540b1. FMNH3956384. Field Museum of Natural History.
Moutabea guianensis,https://db.fieldmuseum.org/00ae11e9-7aae-4772-a498-5e7b4c5892b9. FMNH398224. Field Museum of Natural History.
Musa velutina,
Myrcia guajavaefolia,
Naucleopsis ulei,"Tropicos.org. Missouri Botanical Garden. 30 Jan 2024 http://www.tropicos.org/Image/28599 Photographer: MBG CC-BY-NC-SA
https://db.fieldmuseum.org/6cc4d5b6-9e09-45b1-a1ce-13711aa1c753. FMNH2911763. Field Museum of Natural History."
Nectandra cuspidata,
Neea laxa,
Neea robusta,
Nepsera aquatica,
Norantea guianensis,
Ocotea cernua,
Ocotea oblonga,
Ocotea percurrens,
Ocotea tomentosa,
Ocotea wachenheimii,https://db.fieldmuseum.org/5c4ec611-c3d4-4500-81df-750235014ac2. FMNH2835007. Field Museum of Natural History.
Odontocarya emarginata,http://specimens.kew.org/herbarium/K001106569
Odontocarya petiolaris,
Odontocarya tripetala,https://db.fieldmuseum.org/284b34db-5cf6-4004-9855-ef760359d25e. FMNH300002. Field Museum of Natural History.
Oenocarpus bacaba,
Oenocarpus bataua,
Oenocarpus mapora,
Omphalea diandra,
Opuntia cardiosperma,
Orbignya martiana,
Oreopanax capitatum,
Ormosia arborea,
Orthomene schomburgkii,
Osteophloeum platyspermum,https://db.fieldmuseum.org/c62a58e5-e363-431b-881a-99ec59b37da7. FMNH2969151. Field Museum of Natural History.
Oxandra asbecki,
Oxandra mediocris ,
Pacouria guianensis,
Panicum elephantipes,
Panicum laxum,
Parahancornia fasciculata,Tropicos.org. Missouri Botanical Garden. 30 Jan 2024 http://www.tropicos.org/Image/101601227 Photographer: MBG CC-BY-NC-SA
Parinari excelsa,
Parinari obtusifolia,
Parkia multijuga,
Parkia pendula,
Paspalidium paludivagum,
Paspalum conjugatum,
Paspalum distichum,
Passiflora edulis,https://db.fieldmuseum.org/c8412366-05fd-4c3d-b0a5-6a5d4f316604. FMNH305937. Field Museum of Natural History.
Passiflora involucrata,
Paullinia capreolata,
Paullinia faginea,
Paullinia obovata,
Paullinia venosa,https://db.fieldmuseum.org/59f67d34-6b39-4862-a8a7-434009840d09. FMNH3114972. Field Museum of Natural History.
Pavonia schiedeana,"http://specimens.kew.org/herbarium/K000575116
https://db.fieldmuseum.org/c62a58e5-e363-431b-881a-99ec59b37da7. FMNH2969151. Field Museum of Natural History."
Pera arborea,
Perebea mollis,
Perebea xanthochyma,
Pereskia aculeata,
Peritassa laevigata,"https://db.fieldmuseum.org/55e36de3-025e-4061-88dc-66efd4176fa1. FMNH2985661 Field Museum of Natural History.
https://db.fieldmuseum.org/dbf3de32-0d3b-4407-8741-fa2e838738dc. FMNH292860. Field Museum of Natural History."
Philodendron appendiculatum,
Philodendron corcovadense,
Philodendron crassinervium,Tropicos.org. Missouri Botanical Garden. 30 Jan 2024 https://tropicos.org/image/100581260
Philodendron eximium,
Philodendron obliquifolium,Tropicos.org. Missouri Botanical Garden. 30 Jan 2024 http://www.tropicos.org/Image/100581355 CC-BY-NC-SA
Phoradendron piperoides,
Phyllanthus attenuatus,https://db.fieldmuseum.org/10545d7a-2c86-4c9f-85d9-d50f2c25ca9e. FMNH2928250 Field Museum of Natural History.
Phytelephas aequatorialis,http://specimens.kew.org/herbarium/K000462939
Piper aduncum ,
Piper glandulosissimum,
Pithecellobium dulce,
Pleurisanthes emarginata,
Polygonum punctatum,
Polypogon chilensis,
Poraqueiba guianensis,
Posoqueria latifolia,
Pourouma bicolor,
Pourouma guianensis,
Pourouma melinoni,https://db.fieldmuseum.org/467beb04-45bf-45e6-b718-3404ad1254cc. FMNH2954450. Field Museum of Natural History.
Pourouma minor,
Pourouma mollis,
Pourouma petiolulata,
Pourouma tomentosa,
Pourouma villosa,https://db.fieldmuseum.org/0cc5ea98-1979-4eca-ab93-41deda187675. FMNH3114641. Field Museum of Natural History.
Pouteria ambelaniifolia,https://db.fieldmuseum.org/b05bf298-f2d2-4ba0-bf64-9274bf44f043. FMNH3059433. Field Museum of Natural History.
Pouteria aubrevillei,"REFLORA. (n.d.). Brazilian plants: historic rescue and virtual herbarium for knowledge and conservation of the Brazilian flora. Retrieved December 10, 2024, from https://floradobrasil.jbrj.gov.br/reflora/PrincipalUC/PrincipalUC.do;jsessionid=403555A5E10B6B821F29DC4244DFCE60"
Pouteria bapeba,https://db.fieldmuseum.org/7f8b0cb2-dfe7-4288-821c-ca0871e9684b. FMNH3059453. Field Museum of Natural History.
Pouteria bilocularis,Tropicos.org. Missouri Botanical Garden. 30 Jan 2024 http://www.tropicos.org/Image/101781369 Photographer: MBG CC-BY-NC-SA
Pouteria brachyandra,
Pouteria caimito ,
Pouteria campanulata,https://db.fieldmuseum.org/0747372a-a763-472f-a25f-89282f425851. FMNH3113921. Field Museum of Natural History.
Pouteria cayennensis,https://db.fieldmuseum.org/63ec6bef-bd31-4b0d-9d4b-aae78847a5ac. FMNH3111666. Field Museum of Natural History.
Pouteria congestifolia,
Pouteria cuspidata,
Pouteria durlandii,
Pouteria egregia,
Pouteria engleri,
Pouteria filipes,https://db.fieldmuseum.org/81f5cd72-22aa-4e1d-a935-d1113a5b3aa9. FMNH3061253. Field Museum of Natural History.
Pouteria gardneri,
Pouteria glomerata,Tropicos.org. Missouri Botanical Garden. 30 Jan 2024 http://www.tropicos.org/Image/100928007 CC-BY-NC-SA
Pouteria guianensis,
Pouteria hispida,
Pouteria laevigata,https://db.fieldmuseum.org/0b8b0f1b-b27b-45d7-a749-19736ebcdb52. FMNH3063065 Field Museum of Natural History.
Pouteria oblanceolata,
Pouteria procera,https://db.fieldmuseum.org/553c862f-c10b-4591-b072-5dae20ff8350. FMNH3063557 Field Museum of Natural History.
Pouteria reticulata,
Pouteria robusta,
Pouteria sapota,
Pouteria speciosa,
Pouteria torta,
Pouteria vernicosa,https://db.fieldmuseum.org/5672be00-99a9-4b7b-bcba-825056917ced. FMNH3065134. Field Museum of Natural History.
Pradosia cochlearia,
Pradosia ptychandra,
Pradosia surinamensis,
Prockia crucis,"https://db.fieldmuseum.org/df3f465b-56d4-4f1c-a56d-a76944295a11. FMNH231297. Field Museum of Natural History.
Prockia crucis P.Browne ex L. (n.d.). Seed Information Database. Retrieved December 13, 2024, from https://ser-sid.org/species/055c7f80-de37-47dc-a497-ea9089cab2d8
Flora de Panama (n.d.). World Flora Online. Retrieved December 17, 2024, from https://about.worldfloraonline.org/floras/flora-de-panama"
Protium amazonicum,Tropicos.org. Missouri Botanical Garden. 30 Jan 2024 http://www.tropicos.org/Image/100501298 Photographer: MBG CC-BY-NC-SA
Protium apiculatum,
Protium crenatum,
Protium ferrugineum,Tropicos.org. Missouri Botanical Garden. 30 Jan 2024 http://www.tropicos.org/Image/100501186 Photographer: MBG CC-BY-NC-SA
Protium glabrescens,
Protium heptaphyllum,
Protium llanorum,Tropicos.org. Missouri Botanical Garden. 30 Jan 2024 http://www.tropicos.org/Image/100501370 Photographer: MBG CC-BY-NC-SA
Protium neglectum,Tropicos.org. Missouri Botanical Garden. 30 Jan 2024 http://www.tropicos.org/Image/100501549 Photographer: MBG CC-BY-NC-SA
Protium opacum,https://db.fieldmuseum.org/8ac09f13-0879-4a45-bcdb-fc1e2be14ce8. FMNH3062582. Field Museum of Natural History.
Protium rhoifolium,
Protium robustum,
Protium sagotianum ,
Prunus brasiliensis,
Prunus debilis,Tropicos.org. Missouri Botanical Garden. 30 Jan 2024 http://www.tropicos.org/Image/101268819 Photographer: MBG CC-BY-NC-SA
Prunus myrtifolia ,"Tropicos.org. Missouri Botanical Garden. 30 Jan 2024 https://tropicos.org/image/100369076
https://db.fieldmuseum.org/49d508bf-6249-428d-86da-b6acbf63431d. FMNH2361537. Field Museum of Natural History."
Prunus sellowii,https://db.fieldmuseum.org/56cb89ac-3252-43a8-b20f-e214a3c6e33e. FMNH309571. Field Museum of Natural History.
Psammisia falcata,
Pseudolmedia hirsuta,
Pseudolmedia laevigata,
Pseudolmedia laevis ,
Pseudolmedia obliqua,
Pseudolmedia rigida,
Pseudomalmea diclina,https://db.fieldmuseum.org/37056644-e87a-4cc9-8088-0a3747bfb0b6. FMNH287183. Field Museum of Natural History.
Psidium guajava,https://db.fieldmuseum.org/c1308309-3cc3-4507-9dcc-5b3f6b6098ec. FMNH397336. Field Museum of Natural History.
Psidium guineensis,
Psidium nutans,
Psychotria capitata,
Psychotria carthagenesis,
Psychotria hoffmannseggiana,
Psychotria kappleri,Tropicos.org. Missouri Botanical Garden. 07 Feb 2024 https://tropicos.org/image/100154848
Psychotria mapourioides,
Psychotria poeppigiana,
Psychotria suterella,
Quercus humboldtii        ,http://specimens.kew.org/herbarium/K000575037
Quiina obovata,
Randia hondensis ,http://specimens.kew.org/herbarium/K001438988
Rauvolfia paaraensis,
Rauvolfia sellowii,
Restos vegetais,
Rheedia macrophylla,
Rhodostemonodaphne grandis,
Rhodostemonodaphne synandra,
Rhynchospora pubera,
Rollinia dolichopetala,https://db.fieldmuseum.org/12daffd9-353c-4ca1-8343-5518fbb9d82a. FMNH287405. Field Museum of Natural History.
Rollinia edulis,
Rollinia mucosa ,
Rollinia sericea,
Roucheria columbiana,
Roucheria schomburgkii,
Ruizodendron ovale ,
Sacoglottis cydonioides,https://db.fieldmuseum.org/58077dbc-7d68-483c-9491-93f816a8b6ef. FMNH2986823. Field Museum of Natural History.
Salacia cordata,https://db.fieldmuseum.org/08f1fef1-ee63-489e-8892-e321358fca55. FMNH2985476. Field Museum of Natural History.
Salacia elliptica,
Sapium stylare,
Sarcaulus brasiliensis ,
Saurauia brachybotrys,https://db.fieldmuseum.org/c6b20afc-cdaa-4a23-ae9a-c5f3b1dd208c. FMNH2998139. Field Museum of Natural History.
Scheelea attaleoides,
Scheelea zonensis,
Schefflera decaphylla,https://db.fieldmuseum.org/c6b20afc-cdaa-4a23-ae9a-c5f3b1dd208c. FMNH3114314. Field Museum of Natural History.
Schefflera paraensis,
Schinus terebinthifolius,https://db.fieldmuseum.org/40693c16-34f0-4881-b559-72a6626caf9b. FMNH2905411. Field Museum of Natural History.
Schlegelia ramizii,
Scleria melaleuca,"Scleria gaertneri Raddi. (n.d.). Seed Information Database. Retrieved December 14, 2024, from https://ser-sid.org/species/9e6b27e3-69dd-403b-a2e3-441296b76c1a"
Senna macranthera,
Sesbania rostrata,
Setaria geniculata,
Sextonia rubra,https://db.fieldmuseum.org/4a62c577-a72c-4591-bab5-37dfcc03fb3d. FMNH294114. Field Museum of Natural History.
Simarouba amara,
Sloanea guianensis,
Socratea exorrhiza,
Solanum barbeyanum,
Solanum buddleiaefolium,
Solanum viarum,"Solanum viarum Dunal. (n.d.). Seed Information Database. Retrieved December 14, 2024, from https://ser-sid.org/species/652eb49b-2d06-4004-a625-eb02de007686"
Sorocea pubivena,
Sorocea steinbachii,
Souroubea bicolor,
Souroubea guianensis,
Souroubea sympetala ,
Spermacoce ocymifolia,
Spondias mombin,
Spondias venulosa ,
Stachys petiolosa,"Stachys gilliesii Benth. (n.d.). Seed Information Database. Retrieved December 14, 2024, from https://ser-sid.org/species/ee8057e9-f34a-466f-86fd-947e8316f68f"
Steirachne diandra,
Sterculia apetala,
Sterculia chicha,
Sterculia frondosa,https://db.fieldmuseum.org/455a0198-e918-48a1-a46a-30ababcad60e. FMNH697295. Field Museum of Natural History.
Strychnos amazonica,https://db.fieldmuseum.org/85bb83fb-04e3-4f53-a3bc-eccdc62d220a. FMNH4051682. Field Museum of Natural History.
Strychnos erichsonii,
Strychnos guianensis,
Strychnos panurensis,
Strychnos schultesiana,
Stryphnodendron guianense,
Styrax ferrugineus,
Styrax guianensis,
Swartzia arborescens,
Swartzia benthamiana,"https://db.fieldmuseum.org/5a48ebca-4d8a-4108-8bd9-8fd57a3125ea FMNH3380821. Field Museum of Natural History.
Swartzia benthamiana Miq. (n.d.). Seed Information Database. Retrieved December 14, 2024, from https://ser-sid.org/species/b8b4916f-2203-49da-9b86-b328a9997127"
Swartzia leptopetala,"https://db.fieldmuseum.org/5d240706-2e63-4779-942a-85655d87f88c. FMNH3383355. Field Museum of Natural History.
http://specimens.kew.org/herbarium/K001474487"
Swartzia panacoco,
Swartzia polyphylla,http://specimens.kew.org/herbarium/K000111274
Syagrus oleracea,
Syagrus pseudococos,
Syagrus romanzoffiana,
Syagrus sancona,
Symphonia globulifera,
Syzygium cumini,https://db.fieldmuseum.org/c36a4ab3-4d86-4f72-be47-27127b423670. FMNH2778757. Field Museum of Natural History.
Talisia intermedia ,
Talisia obovata,"https://db.fieldmuseum.org/d249e4cf-1e8e-4385-b3bd-d161dea2f0e8. FMNH3051804. Field Museum of Natural History.
Tropicos.org. Missouri Botanical Garden. 14 Dec 2024 http://legacy.tropicos.org/Image/100458074 Photographer: MBG CC-BY-NC-SA"
Talisia retusa,https://db.fieldmuseum.org/16038a21-8a84-4faf-83e6-bb4880727241. FMNH3051888. Field Museum of Natural History.
Tapirira guianensis,
Tapirira obtusa,
Tapirira peckoltiana,
Telitoxicum krukovii,
Telitoxicum minutiflorum,
Tetragastris altissima,
Tetragastris panamensis,
Theobroma obovatum,http://specimens.kew.org/herbarium/K001486955
Theobroma subincanum,
Tococa bullifera,
Tontelea attenuata,https://db.fieldmuseum.org/322f556c-db85-4c2f-8beb-ee977adfcb76. FMNH2986010. Field Museum of Natural History.
Tontelea mauritioides,https://db.fieldmuseum.org/ab6af31e-05db-46e0-8574-921006059d48. FMNH267888. Field Museum of Natural History.
Touroulia amazonica,
Trattinnickia aspera,https://db.fieldmuseum.org/68d353e8-6488-483a-aca0-a30798d94080. FMNH391868. Field Museum of Natural History.
Trichilia micrantha ,
Trichilia pleeana,
Trichilia septentrionalis,
Trichilia tuberculata,
Trichostigma octandra,
Trymatococcus oligandrus,
Turnera ulmifolia,
Unonopsis guatterioides,
Unonopsis lindmanii,
Unonopsis rufescens,
Vallisneria americana,
Vassobia breviflora,Tropicos.org. Missouri Botanical Garden. 14 Dec 2024 http://legacy.tropicos.org/Image/100429684 Photographer: MBG CC-BY-NC-SA
Virola bicuhyba,
Virola calophylla ,
Virola duckei,
Virola elongata,"Kirkbride, J. H., Jr., Gunn, C. R., & Dallwitz, M. J. (2021, April 12). Family guide for fruits and seeds: descriptions, illustrations, identification, and information retrieval. Retrieved January 24, 2024, from delta-intkey.com"
Virola flexuosa,
Virola kwatae,
Virola michelii,
Virola nobilis,
Virola oleifera,
Virola pavonis,Tropicos.org. Missouri Botanical Garden. 30 Jan 2024 http://www.tropicos.org/Image/101418671 CC-BY-NC-SA
Virola peruviana ,
Virola sebifera,
Virola surinamensis,http://specimens.kew.org/herbarium/K000047893
Vismia brasiliensis,http://specimens.kew.org/herbarium/K000221277
Vismia macrophylla,Tropicos.org. Missouri Botanical Garden. 30 Jan 2024 http://www.tropicos.org/Image/70461 CC-BY-NC-SA
Vismia mandur,https://db.fieldmuseum.org/9219582b-1ce8-4ce8-bb7d-f32f5e5ba385. FMNH3042195. Field Museum of Natural History.
Vitex capitata,
Vitex cymosa,
Vitex fanashawii,
Vitex megapotamica,
Vouacapoua americana,"Pereira, A. G. (2017). Morfometria de frutos, sementes, desenvolvimento pósseminal, plântulas e de plantas jovens e fisiologia de sementes de Vouacapoua americana Aubl. (Leguminosae). Retrieved December 14, 2024, from http://repositorio.ufra.edu.br/jspui/handle/123456789/492"
Waltheria albicans,
Welfia georgii,"del Pozo, D. G., Martin-Gomez, J. J., Tocino, A., & Cervantes, E. (2020). Seed morphology in Arecaceae. Retrieved December 14, 2024, from https://encyclopedia.pub/entry/2686"
Ximenia americana,
Xylopia polyantha,
Xyris jupicai,"Xyris jupicai Rich. (n.d.). Seed Information Database. Retrieved December 14, 2024, from https://ser-sid.org/species/cb80307e-6a9a-494e-ab27-7da02ab385ba"
Yucca brevifolia,
Zea mays,
Zizaniopsis bonariensis,
Ziziphus cinnamomum,
Ziziphus joazeiro,